Drug1,Drug2,Compatibility
Acetaminophen/Paracetamol,Acyclovir,Not compatible
Acetaminophen/Paracetamol,Amikacin sulfate,No informationCa = Compatible if diluent is NaCl 0.9%Cs = Based on solubility rules in Admixture and Y-site Compatibility of Additives in Intravenous Drips
Acetaminophen/Paracetamol,Aminophylline,No informationCa = Compatible if diluent is NaCl 0.9%Cs = Based on solubility rules in Admixture and Y-site Compatibility of Additives in Intravenous Drips
Acetaminophen/Paracetamol,Amoxicillin sodium-clavulanate,No informationCa = Compatible if diluent is NaCl 0.9%Cs = Based on solubility rules in Admixture and Y-site Compatibility of Additives in Intravenous Drips
Acetaminophen/Paracetamol,Ampicillin sodium,No informationCa = Compatible if diluent is NaCl 0.9%Cs = Based on solubility rules in Admixture and Y-site Compatibility of Additives in Intravenous Drips
Acetaminophen/Paracetamol,Ampicillin sodium-sulbactam sodium*,No informationCa = Compatible if diluent is NaCl 0.9%Cs = Based on solubility rules in Admixture and Y-site Compatibility of Additives in Intravenous Drips
Acetaminophen/Paracetamol,Calcium chloride,No informationCa = Compatible if diluent is NaCl 0.9%Cs = Based on solubility rules in Admixture and Y-site Compatibility of Additives in Intravenous Drips
Acetaminophen/Paracetamol,Calcium gluconate,No informationCa = Compatible if diluent is NaCl 0.9%Cs = Based on solubility rules in Admixture and Y-site Compatibility of Additives in Intravenous Drips
Acetaminophen/Paracetamol,Cefazolin sodium,Compatible
Acetaminophen/Paracetamol,Ceftazidime,No informationCa = Compatible if diluent is NaCl 0.9%Cs = Based on solubility rules in Admixture and Y-site Compatibility of Additives in Intravenous Drips
Acetaminophen/Paracetamol,Ceftriaxone sodium,Compatible
Acetaminophen/Paracetamol,Ciprofloxacin,No informationCa = Compatible if diluent is NaCl 0.9%Cs = Based on solubility rules in Admixture and Y-site Compatibility of Additives in Intravenous Drips
Acetaminophen/Paracetamol,Clindamycin phosphate,Compatible
Acetaminophen/Paracetamol,Clonidine hydrocloride,No informationCa = Compatible if diluent is NaCl 0.9%Cs = Based on solubility rules in Admixture and Y-site Compatibility of Additives in Intravenous Drips
Acetaminophen/Paracetamol,Cloxacillin sodium,No informationCa = Compatible if diluent is NaCl 0.9%Cs = Based on solubility rules in Admixture and Y-site Compatibility of Additives in Intravenous Drips
Acetaminophen/Paracetamol,Diazepam,Not compatible
Acetaminophen/Paracetamol,Erythromycin lactobionate,No informationCa = Compatible if diluent is NaCl 0.9%Cs = Based on solubility rules in Admixture and Y-site Compatibility of Additives in Intravenous Drips
Acetaminophen/Paracetamol,Fluconazole,No informationCa = Compatible if diluent is NaCl 0.9%Cs = Based on solubility rules in Admixture and Y-site Compatibility of Additives in Intravenous Drips
Acetaminophen/Paracetamol,Furosemide (Frusemide),No informationCa = Compatible if diluent is NaCl 0.9%Cs = Based on solubility rules in Admixture and Y-site Compatibility of Additives in Intravenous Drips
Acetaminophen/Paracetamol,Gentamicin sulfate,Compatible
Acetaminophen/Paracetamol,Hydrocortisone sodium succinate,Compatible
Acetaminophen/Paracetamol,Ibuprofen,No informationCa = Compatible if diluent is NaCl 0.9%Cs = Based on solubility rules in Admixture and Y-site Compatibility of Additives in Intravenous Drips
Acetaminophen/Paracetamol,Ketamine HCl,Compatible
Acetaminophen/Paracetamol,Lorazepam,Compatible
Acetaminophen/Paracetamol,Levetiracetam,No informationCa = Compatible if diluent is NaCl 0.9%Cs = Based on solubility rules in Admixture and Y-site Compatibility of Additives in Intravenous Drips
Acetaminophen/Paracetamol,Magnesium sulfate,Compatible
Acetaminophen/Paracetamol,Meropenem,No informationCa = Compatible if diluent is NaCl 0.9%Cs = Based on solubility rules in Admixture and Y-site Compatibility of Additives in Intravenous Drips
Acetaminophen/Paracetamol,Methylprednisolone sodium succinate,Compatible
Acetaminophen/Paracetamol,Metronidazole,Not compatible
Acetaminophen/Paracetamol,Morphine sulfate,Compatible
Acetaminophen/Paracetamol,Omeprazole sodium,No informationCa = Compatible if diluent is NaCl 0.9%Cs = Based on solubility rules in Admixture and Y-site Compatibility of Additives in Intravenous Drips
Acetaminophen/Paracetamol,Ondansetron hydrochloride,Compatible
Acetaminophen/Paracetamol,Phenobarbital sodium,Not compatible
Acetaminophen/Paracetamol,Penicillin G sodium,No informationCa = Compatible if diluent is NaCl 0.9%Cs = Based on solubility rules in Admixture and Y-site Compatibility of Additives in Intravenous Drips
Acetaminophen/Paracetamol,Phenytoin sodium,Not compatible
Acetaminophen/Paracetamol,Piperacillin sodium-Tazobactam sodium,Compatible
Acetaminophen/Paracetamol,Potassium chloride,Compatible
Acetaminophen/Paracetamol,Potassium phosphates,No informationCa = Compatible if diluent is NaCl 0.9%Cs = Based on solubility rules in Admixture and Y-site Compatibility of Additives in Intravenous Drips
Acetaminophen/Paracetamol,Sodium acetate,No informationCa = Compatible if diluent is NaCl 0.9%Cs = Based on solubility rules in Admixture and Y-site Compatibility of Additives in Intravenous Drips
Acetaminophen/Paracetamol,Sodium bicarbonate,No informationCa = Compatible if diluent is NaCl 0.9%Cs = Based on solubility rules in Admixture and Y-site Compatibility of Additives in Intravenous Drips
Acetaminophen/Paracetamol,Sulfamethoxazole-Trimethoprim,No informationCa = Compatible if diluent is NaCl 0.9%Cs = Based on solubility rules in Admixture and Y-site Compatibility of Additives in Intravenous Drips
Acetaminophen/Paracetamol,Vancomycin hydrochloride,Compatible
Acyclovir,Acetaminophen/Paracetamol,Not compatible
Acyclovir,Amikacin sulfate,Compatible
Acyclovir,Aminophylline,Compatible
Acyclovir,Amoxicillin sodium-clavulanate,No informationCa = Compatible if diluent is NaCl 0.9%Cs = Based on solubility rules in Admixture and Y-site Compatibility of Additives in Intravenous Drips
Acyclovir,Ampicillin sodium,Compatible
Acyclovir,Ampicillin sodium-sulbactam sodium*,Not compatible
Acyclovir,Calcium chloride,Compatible
Acyclovir,Calcium gluconate,Compatible
Acyclovir,Cefazolin sodium,Compatible
Acyclovir,Ceftazidime,Compatible
Acyclovir,Ceftriaxone sodium,Compatible
Acyclovir,Ciprofloxacin,Not compatible
Acyclovir,Clindamycin phosphate,Compatible
Acyclovir,Clonidine hydrocloride,No informationCa = Compatible if diluent is NaCl 0.9%Cs = Based on solubility rules in Admixture and Y-site Compatibility of Additives in Intravenous Drips
Acyclovir,Cloxacillin sodium,Compatible
Acyclovir,Diazepam,Not compatible
Acyclovir,Erythromycin lactobionate,Compatible
Acyclovir,Fluconazole,Compatible
Acyclovir,Furosemide (Frusemide),Compatible
Acyclovir,Gentamicin sulfate,Not compatible
Acyclovir,Hydrocortisone sodium succinate,Compatible
Acyclovir,Ibuprofen,No informationCa = Compatible if diluent is NaCl 0.9%Cs = Based on solubility rules in Admixture and Y-site Compatibility of Additives in Intravenous Drips
Acyclovir,Ketamine HCl,Not compatible
Acyclovir,Lorazepam,Compatible
Acyclovir,Levetiracetam,No informationCa = Compatible if diluent is NaCl 0.9%Cs = Based on solubility rules in Admixture and Y-site Compatibility of Additives in Intravenous Drips
Acyclovir,Magnesium sulfate,Compatible
Acyclovir,Meropenem,Not compatible
Acyclovir,Methylprednisolone sodium succinate,Compatible
Acyclovir,Metronidazole,Compatible
Acyclovir,Morphine sulfate,Not compatible
Acyclovir,Omeprazole sodium,No informationCa = Compatible if diluent is NaCl 0.9%Cs = Based on solubility rules in Admixture and Y-site Compatibility of Additives in Intravenous Drips
Acyclovir,Ondansetron hydrochloride,Not compatible
Acyclovir,Phenobarbital sodium,Compatible
Acyclovir,Penicillin G sodium,No informationCa = Compatible if diluent is NaCl 0.9%Cs = Based on solubility rules in Admixture and Y-site Compatibility of Additives in Intravenous Drips
Acyclovir,Phenytoin sodium,Not compatible
Acyclovir,Piperacillin sodium-Tazobactam sodium,Not compatible
Acyclovir,Potassium chloride,Compatible
Acyclovir,Potassium phosphates,Not compatible
Acyclovir,Sodium acetate,Compatible
Acyclovir,Sodium bicarbonate,Compatible
Acyclovir,Sulfamethoxazole-Trimethoprim,Compatible
Acyclovir,Vancomycin hydrochloride,Compatible
Amikacin sulfate,Acetaminophen/Paracetamol,No informationCa = Compatible if diluent is NaCl 0.9%Cs = Based on solubility rules in Admixture and Y-site Compatibility of Additives in Intravenous Drips
Amikacin sulfate,Acyclovir,Compatible
Amikacin sulfate,Aminophylline,Compatible
Amikacin sulfate,Amoxicillin sodium-clavulanate,No informationCa = Compatible if diluent is NaCl 0.9%Cs = Based on solubility rules in Admixture and Y-site Compatibility of Additives in Intravenous Drips
Amikacin sulfate,Ampicillin sodium,Compatible if NaCl 0.9% used
Amikacin sulfate,Ampicillin sodium-sulbactam sodium*,Compatible if NaCl 0.9% used
Amikacin sulfate,Calcium chloride,Compatible
Amikacin sulfate,Calcium gluconate,Compatible
Amikacin sulfate,Cefazolin sodium,Compatible
Amikacin sulfate,Ceftazidime,Compatible
Amikacin sulfate,Ceftriaxone sodium,Compatible
Amikacin sulfate,Ciprofloxacin,Compatible
Amikacin sulfate,Clindamycin phosphate,Compatible
Amikacin sulfate,Clonidine hydrocloride,No informationCa = Compatible if diluent is NaCl 0.9%Cs = Based on solubility rules in Admixture and Y-site Compatibility of Additives in Intravenous Drips
Amikacin sulfate,Cloxacillin sodium,Not compatible
Amikacin sulfate,Diazepam,Not compatible
Amikacin sulfate,Erythromycin lactobionate,Compatible
Amikacin sulfate,Fluconazole,Compatible
Amikacin sulfate,Furosemide (Frusemide),Compatible
Amikacin sulfate,Gentamicin sulfate,Compatible
Amikacin sulfate,Hydrocortisone sodium succinate,Compatible
Amikacin sulfate,Ibuprofen,No informationCa = Compatible if diluent is NaCl 0.9%Cs = Based on solubility rules in Admixture and Y-site Compatibility of Additives in Intravenous Drips
Amikacin sulfate,Ketamine HCl,Compatible
Amikacin sulfate,Lorazepam,Compatible
Amikacin sulfate,Levetiracetam,No informationCa = Compatible if diluent is NaCl 0.9%Cs = Based on solubility rules in Admixture and Y-site Compatibility of Additives in Intravenous Drips
Amikacin sulfate,Magnesium sulfate,Compatible
Amikacin sulfate,Meropenem,Compatible
Amikacin sulfate,Methylprednisolone sodium succinate,Compatible
Amikacin sulfate,Metronidazole,Compatible
Amikacin sulfate,Morphine sulfate,Compatible
Amikacin sulfate,Omeprazole sodium,No informationCa = Compatible if diluent is NaCl 0.9%Cs = Based on solubility rules in Admixture and Y-site Compatibility of Additives in Intravenous Drips
Amikacin sulfate,Ondansetron hydrochloride,Compatible
Amikacin sulfate,Phenobarbital sodium,Compatible
Amikacin sulfate,Penicillin G sodium,Compatible
Amikacin sulfate,Phenytoin sodium,Not compatible
Amikacin sulfate,Piperacillin sodium-Tazobactam sodium,Compatible
Amikacin sulfate,Potassium chloride,Compatible
Amikacin sulfate,Potassium phosphates,No informationCa = Compatible if diluent is NaCl 0.9%Cs = Based on solubility rules in Admixture and Y-site Compatibility of Additives in Intravenous Drips
Amikacin sulfate,Sodium acetate,Compatible
Amikacin sulfate,Sodium bicarbonate,Compatible
Amikacin sulfate,Sulfamethoxazole-Trimethoprim,Not compatible
Amikacin sulfate,Vancomycin hydrochloride,Compatible
Aminophylline,Acetaminophen/Paracetamol,No informationCa = Compatible if diluent is NaCl 0.9%Cs = Based on solubility rules in Admixture and Y-site Compatibility of Additives in Intravenous Drips
Aminophylline,Acyclovir,Compatible
Aminophylline,Amikacin sulfate,Compatible
Aminophylline,Amoxicillin sodium-clavulanate,No informationCa = Compatible if diluent is NaCl 0.9%Cs = Based on solubility rules in Admixture and Y-site Compatibility of Additives in Intravenous Drips
Aminophylline,Ampicillin sodium,Not compatible
Aminophylline,Ampicillin sodium-sulbactam sodium*,Compatible if NaCl 0.9% used
Aminophylline,Calcium chloride,Compatible
Aminophylline,Calcium gluconate,Compatible
Aminophylline,Cefazolin sodium,Compatible
Aminophylline,Ceftazidime,Compatible
Aminophylline,Ceftriaxone sodium,Compatible
Aminophylline,Ciprofloxacin,Not compatible
Aminophylline,Clindamycin phosphate,Compatible
Aminophylline,Clonidine hydrocloride,Compatible
Aminophylline,Cloxacillin sodium,Compatible
Aminophylline,Diazepam,Not compatible
Aminophylline,Erythromycin lactobionate,Compatible
Aminophylline,Fluconazole,Compatible
Aminophylline,Furosemide (Frusemide),Compatible
Aminophylline,Gentamicin sulfate,Compatible
Aminophylline,Hydrocortisone sodium succinate,Compatible
Aminophylline,Ibuprofen,No informationCa = Compatible if diluent is NaCl 0.9%Cs = Based on solubility rules in Admixture and Y-site Compatibility of Additives in Intravenous Drips
Aminophylline,Ketamine HCl,Not compatible
Aminophylline,Lorazepam,Compatible
Aminophylline,Levetiracetam,No informationCa = Compatible if diluent is NaCl 0.9%Cs = Based on solubility rules in Admixture and Y-site Compatibility of Additives in Intravenous Drips
Aminophylline,Magnesium sulfate,Not compatible
Aminophylline,Meropenem,Compatible
Aminophylline,Methylprednisolone sodium succinate,Compatible
Aminophylline,Metronidazole,Compatible
Aminophylline,Morphine sulfate,Compatible
Aminophylline,Omeprazole sodium,No informationCa = Compatible if diluent is NaCl 0.9%Cs = Based on solubility rules in Admixture and Y-site Compatibility of Additives in Intravenous Drips
Aminophylline,Ondansetron hydrochloride,Not compatible
Aminophylline,Phenobarbital sodium,Compatible
Aminophylline,Penicillin G sodium,Not compatible
Aminophylline,Phenytoin sodium,Not compatible
Aminophylline,Piperacillin sodium-Tazobactam sodium,Compatible
Aminophylline,Potassium chloride,Compatible
Aminophylline,Potassium phosphates,No informationCa = Compatible if diluent is NaCl 0.9%Cs = Based on solubility rules in Admixture and Y-site Compatibility of Additives in Intravenous Drips
Aminophylline,Sodium acetate,Compatible
Aminophylline,Sodium bicarbonate,Compatible
Aminophylline,Sulfamethoxazole-Trimethoprim,Not compatible
Aminophylline,Vancomycin hydrochloride,Not compatible
Amoxicillin sodium-clavulanate,Acetaminophen/Paracetamol,No informationCa = Compatible if diluent is NaCl 0.9%Cs = Based on solubility rules in Admixture and Y-site Compatibility of Additives in Intravenous Drips
Amoxicillin sodium-clavulanate,Acyclovir,No informationCa = Compatible if diluent is NaCl 0.9%Cs = Based on solubility rules in Admixture and Y-site Compatibility of Additives in Intravenous Drips
Amoxicillin sodium-clavulanate,Amikacin sulfate,No informationCa = Compatible if diluent is NaCl 0.9%Cs = Based on solubility rules in Admixture and Y-site Compatibility of Additives in Intravenous Drips
Amoxicillin sodium-clavulanate,Aminophylline,No informationCa = Compatible if diluent is NaCl 0.9%Cs = Based on solubility rules in Admixture and Y-site Compatibility of Additives in Intravenous Drips
Amoxicillin sodium-clavulanate,Ampicillin sodium,No informationCa = Compatible if diluent is NaCl 0.9%Cs = Based on solubility rules in Admixture and Y-site Compatibility of Additives in Intravenous Drips
Amoxicillin sodium-clavulanate,Ampicillin sodium-sulbactam sodium*,No informationCa = Compatible if diluent is NaCl 0.9%Cs = Based on solubility rules in Admixture and Y-site Compatibility of Additives in Intravenous Drips
Amoxicillin sodium-clavulanate,Calcium chloride,No informationCa = Compatible if diluent is NaCl 0.9%Cs = Based on solubility rules in Admixture and Y-site Compatibility of Additives in Intravenous Drips
Amoxicillin sodium-clavulanate,Calcium gluconate,No informationCa = Compatible if diluent is NaCl 0.9%Cs = Based on solubility rules in Admixture and Y-site Compatibility of Additives in Intravenous Drips
Amoxicillin sodium-clavulanate,Cefazolin sodium,No informationCa = Compatible if diluent is NaCl 0.9%Cs = Based on solubility rules in Admixture and Y-site Compatibility of Additives in Intravenous Drips
Amoxicillin sodium-clavulanate,Ceftazidime,No informationCa = Compatible if diluent is NaCl 0.9%Cs = Based on solubility rules in Admixture and Y-site Compatibility of Additives in Intravenous Drips
Amoxicillin sodium-clavulanate,Ceftriaxone sodium,No informationCa = Compatible if diluent is NaCl 0.9%Cs = Based on solubility rules in Admixture and Y-site Compatibility of Additives in Intravenous Drips
Amoxicillin sodium-clavulanate,Ciprofloxacin,No informationCa = Compatible if diluent is NaCl 0.9%Cs = Based on solubility rules in Admixture and Y-site Compatibility of Additives in Intravenous Drips
Amoxicillin sodium-clavulanate,Clindamycin phosphate,No informationCa = Compatible if diluent is NaCl 0.9%Cs = Based on solubility rules in Admixture and Y-site Compatibility of Additives in Intravenous Drips
Amoxicillin sodium-clavulanate,Clonidine hydrocloride,No informationCa = Compatible if diluent is NaCl 0.9%Cs = Based on solubility rules in Admixture and Y-site Compatibility of Additives in Intravenous Drips
Amoxicillin sodium-clavulanate,Cloxacillin sodium,No informationCa = Compatible if diluent is NaCl 0.9%Cs = Based on solubility rules in Admixture and Y-site Compatibility of Additives in Intravenous Drips
Amoxicillin sodium-clavulanate,Diazepam,No informationCa = Compatible if diluent is NaCl 0.9%Cs = Based on solubility rules in Admixture and Y-site Compatibility of Additives in Intravenous Drips
Amoxicillin sodium-clavulanate,Erythromycin lactobionate,No informationCa = Compatible if diluent is NaCl 0.9%Cs = Based on solubility rules in Admixture and Y-site Compatibility of Additives in Intravenous Drips
Amoxicillin sodium-clavulanate,Fluconazole,No informationCa = Compatible if diluent is NaCl 0.9%Cs = Based on solubility rules in Admixture and Y-site Compatibility of Additives in Intravenous Drips
Amoxicillin sodium-clavulanate,Furosemide (Frusemide),No informationCa = Compatible if diluent is NaCl 0.9%Cs = Based on solubility rules in Admixture and Y-site Compatibility of Additives in Intravenous Drips
Amoxicillin sodium-clavulanate,Gentamicin sulfate,No informationCa = Compatible if diluent is NaCl 0.9%Cs = Based on solubility rules in Admixture and Y-site Compatibility of Additives in Intravenous Drips
Amoxicillin sodium-clavulanate,Hydrocortisone sodium succinate,No informationCa = Compatible if diluent is NaCl 0.9%Cs = Based on solubility rules in Admixture and Y-site Compatibility of Additives in Intravenous Drips
Amoxicillin sodium-clavulanate,Ibuprofen,No informationCa = Compatible if diluent is NaCl 0.9%Cs = Based on solubility rules in Admixture and Y-site Compatibility of Additives in Intravenous Drips
Amoxicillin sodium-clavulanate,Ketamine HCl,No informationCa = Compatible if diluent is NaCl 0.9%Cs = Based on solubility rules in Admixture and Y-site Compatibility of Additives in Intravenous Drips
Amoxicillin sodium-clavulanate,Lorazepam,Compatible
Amoxicillin sodium-clavulanate,Levetiracetam,No informationCa = Compatible if diluent is NaCl 0.9%Cs = Based on solubility rules in Admixture and Y-site Compatibility of Additives in Intravenous Drips
Amoxicillin sodium-clavulanate,Magnesium sulfate,No informationCa = Compatible if diluent is NaCl 0.9%Cs = Based on solubility rules in Admixture and Y-site Compatibility of Additives in Intravenous Drips
Amoxicillin sodium-clavulanate,Meropenem,No informationCa = Compatible if diluent is NaCl 0.9%Cs = Based on solubility rules in Admixture and Y-site Compatibility of Additives in Intravenous Drips
Amoxicillin sodium-clavulanate,Methylprednisolone sodium succinate,No informationCa = Compatible if diluent is NaCl 0.9%Cs = Based on solubility rules in Admixture and Y-site Compatibility of Additives in Intravenous Drips
Amoxicillin sodium-clavulanate,Metronidazole,No informationCa = Compatible if diluent is NaCl 0.9%Cs = Based on solubility rules in Admixture and Y-site Compatibility of Additives in Intravenous Drips
Amoxicillin sodium-clavulanate,Morphine sulfate,No informationCa = Compatible if diluent is NaCl 0.9%Cs = Based on solubility rules in Admixture and Y-site Compatibility of Additives in Intravenous Drips
Amoxicillin sodium-clavulanate,Omeprazole sodium,No informationCa = Compatible if diluent is NaCl 0.9%Cs = Based on solubility rules in Admixture and Y-site Compatibility of Additives in Intravenous Drips
Amoxicillin sodium-clavulanate,Ondansetron hydrochloride,No informationCa = Compatible if diluent is NaCl 0.9%Cs = Based on solubility rules in Admixture and Y-site Compatibility of Additives in Intravenous Drips
Amoxicillin sodium-clavulanate,Phenobarbital sodium,No informationCa = Compatible if diluent is NaCl 0.9%Cs = Based on solubility rules in Admixture and Y-site Compatibility of Additives in Intravenous Drips
Amoxicillin sodium-clavulanate,Penicillin G sodium,No informationCa = Compatible if diluent is NaCl 0.9%Cs = Based on solubility rules in Admixture and Y-site Compatibility of Additives in Intravenous Drips
Amoxicillin sodium-clavulanate,Phenytoin sodium,No informationCa = Compatible if diluent is NaCl 0.9%Cs = Based on solubility rules in Admixture and Y-site Compatibility of Additives in Intravenous Drips
Amoxicillin sodium-clavulanate,Piperacillin sodium-Tazobactam sodium,No informationCa = Compatible if diluent is NaCl 0.9%Cs = Based on solubility rules in Admixture and Y-site Compatibility of Additives in Intravenous Drips
Amoxicillin sodium-clavulanate,Potassium chloride,No informationCa = Compatible if diluent is NaCl 0.9%Cs = Based on solubility rules in Admixture and Y-site Compatibility of Additives in Intravenous Drips
Amoxicillin sodium-clavulanate,Potassium phosphates,No informationCa = Compatible if diluent is NaCl 0.9%Cs = Based on solubility rules in Admixture and Y-site Compatibility of Additives in Intravenous Drips
Amoxicillin sodium-clavulanate,Sodium acetate,No informationCa = Compatible if diluent is NaCl 0.9%Cs = Based on solubility rules in Admixture and Y-site Compatibility of Additives in Intravenous Drips
Amoxicillin sodium-clavulanate,Sodium bicarbonate,No informationCa = Compatible if diluent is NaCl 0.9%Cs = Based on solubility rules in Admixture and Y-site Compatibility of Additives in Intravenous Drips
Amoxicillin sodium-clavulanate,Sulfamethoxazole-Trimethoprim,No informationCa = Compatible if diluent is NaCl 0.9%Cs = Based on solubility rules in Admixture and Y-site Compatibility of Additives in Intravenous Drips
Amoxicillin sodium-clavulanate,Vancomycin hydrochloride,Compatible
Ampicillin sodium,Acetaminophen/Paracetamol,No informationCa = Compatible if diluent is NaCl 0.9%Cs = Based on solubility rules in Admixture and Y-site Compatibility of Additives in Intravenous Drips
Ampicillin sodium,Acyclovir,Compatible
Ampicillin sodium,Amikacin sulfate,Compatible if NaCl 0.9% used
Ampicillin sodium,Aminophylline,Not compatible
Ampicillin sodium,Amoxicillin sodium-clavulanate,No informationCa = Compatible if diluent is NaCl 0.9%Cs = Based on solubility rules in Admixture and Y-site Compatibility of Additives in Intravenous Drips
Ampicillin sodium,Ampicillin sodium-sulbactam sodium*,No informationCa = Compatible if diluent is NaCl 0.9%Cs = Based on solubility rules in Admixture and Y-site Compatibility of Additives in Intravenous Drips
Ampicillin sodium,Calcium chloride,Compatible if NaCl 0.9% used
Ampicillin sodium,Calcium gluconate,Compatible if NaCl 0.9% used
Ampicillin sodium,Cefazolin sodium,Compatible if NaCl 0.9% used
Ampicillin sodium,Ceftazidime,Compatible if NaCl 0.9% used
Ampicillin sodium,Ceftriaxone sodium,Compatible if NaCl 0.9% used
Ampicillin sodium,Ciprofloxacin,No informationCa = Compatible if diluent is NaCl 0.9%Cs = Based on solubility rules in Admixture and Y-site Compatibility of Additives in Intravenous Drips
Ampicillin sodium,Clindamycin phosphate,Compatible if NaCl 0.9% used
Ampicillin sodium,Clonidine hydrocloride,No informationCa = Compatible if diluent is NaCl 0.9%Cs = Based on solubility rules in Admixture and Y-site Compatibility of Additives in Intravenous Drips
Ampicillin sodium,Cloxacillin sodium,Compatible if NaCl 0.9% used
Ampicillin sodium,Diazepam,Not compatible
Ampicillin sodium,Erythromycin lactobionate,Compatible if NaCl 0.9% used
Ampicillin sodium,Fluconazole,Not compatible
Ampicillin sodium,Furosemide (Frusemide),Compatible if NaCl 0.9% used
Ampicillin sodium,Gentamicin sulfate,Compatible if NaCl 0.9% used
Ampicillin sodium,Hydrocortisone sodium succinate,No informationCa = Compatible if diluent is NaCl 0.9%Cs = Based on solubility rules in Admixture and Y-site Compatibility of Additives in Intravenous Drips
Ampicillin sodium,Ibuprofen,No informationCa = Compatible if diluent is NaCl 0.9%Cs = Based on solubility rules in Admixture and Y-site Compatibility of Additives in Intravenous Drips
Ampicillin sodium,Ketamine HCl,Not compatible
Ampicillin sodium,Lorazepam,Not compatible
Ampicillin sodium,Levetiracetam,No informationCa = Compatible if diluent is NaCl 0.9%Cs = Based on solubility rules in Admixture and Y-site Compatibility of Additives in Intravenous Drips
Ampicillin sodium,Magnesium sulfate,Compatible if NaCl 0.9% used
Ampicillin sodium,Meropenem,Compatible if NaCl 0.9% used
Ampicillin sodium,Methylprednisolone sodium succinate,Not compatible
Ampicillin sodium,Metronidazole,Compatible
Ampicillin sodium,Morphine sulfate,Compatible if NaCl 0.9% used
Ampicillin sodium,Omeprazole sodium,No informationCa = Compatible if diluent is NaCl 0.9%Cs = Based on solubility rules in Admixture and Y-site Compatibility of Additives in Intravenous Drips
Ampicillin sodium,Ondansetron hydrochloride,Not compatible
Ampicillin sodium,Phenobarbital sodium,Not compatible
Ampicillin sodium,Penicillin G sodium,Compatible if NaCl 0.9% used
Ampicillin sodium,Phenytoin sodium,Not compatible
Ampicillin sodium,Piperacillin sodium-Tazobactam sodium,No informationCa = Compatible if diluent is NaCl 0.9%Cs = Based on solubility rules in Admixture and Y-site Compatibility of Additives in Intravenous Drips
Ampicillin sodium,Potassium chloride,Compatible if NaCl 0.9% used
Ampicillin sodium,Potassium phosphates,No informationCa = Compatible if diluent is NaCl 0.9%Cs = Based on solubility rules in Admixture and Y-site Compatibility of Additives in Intravenous Drips
Ampicillin sodium,Sodium acetate,Compatible
Ampicillin sodium,Sodium bicarbonate,Not compatible
Ampicillin sodium,Sulfamethoxazole-Trimethoprim,Not compatible
Ampicillin sodium,Vancomycin hydrochloride,Compatible if NaCl 0.9% used
Ampicillin sodium-sulbactam sodium*,Acetaminophen/Paracetamol,No informationCa = Compatible if diluent is NaCl 0.9%Cs = Based on solubility rules in Admixture and Y-site Compatibility of Additives in Intravenous Drips
Ampicillin sodium-sulbactam sodium*,Acyclovir,Not compatible
Ampicillin sodium-sulbactam sodium*,Amikacin sulfate,Compatible if NaCl 0.9% used
Ampicillin sodium-sulbactam sodium*,Aminophylline,Compatible if NaCl 0.9% used
Ampicillin sodium-sulbactam sodium*,Amoxicillin sodium-clavulanate,No informationCa = Compatible if diluent is NaCl 0.9%Cs = Based on solubility rules in Admixture and Y-site Compatibility of Additives in Intravenous Drips
Ampicillin sodium-sulbactam sodium*,Ampicillin sodium,No informationCa = Compatible if diluent is NaCl 0.9%Cs = Based on solubility rules in Admixture and Y-site Compatibility of Additives in Intravenous Drips
Ampicillin sodium-sulbactam sodium*,Calcium chloride,Compatible if NaCl 0.9% used
Ampicillin sodium-sulbactam sodium*,Calcium gluconate,Compatible if NaCl 0.9% used
Ampicillin sodium-sulbactam sodium*,Cefazolin sodium,Compatible if NaCl 0.9% used
Ampicillin sodium-sulbactam sodium*,Ceftazidime,Compatible if NaCl 0.9% used
Ampicillin sodium-sulbactam sodium*,Ceftriaxone sodium,Compatible if NaCl 0.9% used
Ampicillin sodium-sulbactam sodium*,Ciprofloxacin,Not compatible
Ampicillin sodium-sulbactam sodium*,Clindamycin phosphate,Compatible if NaCl 0.9% used
Ampicillin sodium-sulbactam sodium*,Clonidine hydrocloride,No informationCa = Compatible if diluent is NaCl 0.9%Cs = Based on solubility rules in Admixture and Y-site Compatibility of Additives in Intravenous Drips
Ampicillin sodium-sulbactam sodium*,Cloxacillin sodium,No informationCa = Compatible if diluent is NaCl 0.9%Cs = Based on solubility rules in Admixture and Y-site Compatibility of Additives in Intravenous Drips
Ampicillin sodium-sulbactam sodium*,Diazepam,Not compatible
Ampicillin sodium-sulbactam sodium*,Erythromycin lactobionate,Compatible if NaCl 0.9% used
Ampicillin sodium-sulbactam sodium*,Fluconazole,Compatible if NaCl 0.9% used
Ampicillin sodium-sulbactam sodium*,Furosemide (Frusemide),Compatible if NaCl 0.9% used
Ampicillin sodium-sulbactam sodium*,Gentamicin sulfate,Compatible if NaCl 0.9% used
Ampicillin sodium-sulbactam sodium*,Hydrocortisone sodium succinate,Not compatible
Ampicillin sodium-sulbactam sodium*,Ibuprofen,No informationCa = Compatible if diluent is NaCl 0.9%Cs = Based on solubility rules in Admixture and Y-site Compatibility of Additives in Intravenous Drips
Ampicillin sodium-sulbactam sodium*,Ketamine HCl,No informationCa = Compatible if diluent is NaCl 0.9%Cs = Based on solubility rules in Admixture and Y-site Compatibility of Additives in Intravenous Drips
Ampicillin sodium-sulbactam sodium*,Lorazepam,Not compatible
Ampicillin sodium-sulbactam sodium*,Levetiracetam,No informationCa = Compatible if diluent is NaCl 0.9%Cs = Based on solubility rules in Admixture and Y-site Compatibility of Additives in Intravenous Drips
Ampicillin sodium-sulbactam sodium*,Magnesium sulfate,Compatible if NaCl 0.9% used
Ampicillin sodium-sulbactam sodium*,Meropenem,No informationCa = Compatible if diluent is NaCl 0.9%Cs = Based on solubility rules in Admixture and Y-site Compatibility of Additives in Intravenous Drips
Ampicillin sodium-sulbactam sodium*,Methylprednisolone sodium succinate,Not compatible
Ampicillin sodium-sulbactam sodium*,Metronidazole,Compatible
Ampicillin sodium-sulbactam sodium*,Morphine sulfate,Compatible if NaCl 0.9% used
Ampicillin sodium-sulbactam sodium*,Omeprazole sodium,No informationCa = Compatible if diluent is NaCl 0.9%Cs = Based on solubility rules in Admixture and Y-site Compatibility of Additives in Intravenous Drips
Ampicillin sodium-sulbactam sodium*,Ondansetron hydrochloride,Not compatible
Ampicillin sodium-sulbactam sodium*,Phenobarbital sodium,Compatible if NaCl 0.9% used
Ampicillin sodium-sulbactam sodium*,Penicillin G sodium,Compatible if NaCl 0.9% used
Ampicillin sodium-sulbactam sodium*,Phenytoin sodium,Not compatible
Ampicillin sodium-sulbactam sodium*,Piperacillin sodium-Tazobactam sodium,No informationCa = Compatible if diluent is NaCl 0.9%Cs = Based on solubility rules in Admixture and Y-site Compatibility of Additives in Intravenous Drips
Ampicillin sodium-sulbactam sodium*,Potassium chloride,Compatible if NaCl 0.9% used
Ampicillin sodium-sulbactam sodium*,Potassium phosphates,No informationCa = Compatible if diluent is NaCl 0.9%Cs = Based on solubility rules in Admixture and Y-site Compatibility of Additives in Intravenous Drips
Ampicillin sodium-sulbactam sodium*,Sodium acetate,Compatible
Ampicillin sodium-sulbactam sodium*,Sodium bicarbonate,Compatible if NaCl 0.9% used
Ampicillin sodium-sulbactam sodium*,Sulfamethoxazole-Trimethoprim,Not compatible
Ampicillin sodium-sulbactam sodium*,Vancomycin hydrochloride,Compatible if NaCl 0.9% used
Calcium chloride,Acetaminophen/Paracetamol,No informationCa = Compatible if diluent is NaCl 0.9%Cs = Based on solubility rules in Admixture and Y-site Compatibility of Additives in Intravenous Drips
Calcium chloride,Acyclovir,Compatible
Calcium chloride,Amikacin sulfate,Compatible
Calcium chloride,Aminophylline,Compatible
Calcium chloride,Amoxicillin sodium-clavulanate,No informationCa = Compatible if diluent is NaCl 0.9%Cs = Based on solubility rules in Admixture and Y-site Compatibility of Additives in Intravenous Drips
Calcium chloride,Ampicillin sodium,Compatible if NaCl 0.9% used
Calcium chloride,Ampicillin sodium-sulbactam sodium*,Compatible if NaCl 0.9% used
Calcium chloride,Calcium gluconate,Compatible
Calcium chloride,Cefazolin sodium,Not compatible
Calcium chloride,Ceftazidime,Not compatible
Calcium chloride,Ceftriaxone sodium,Not compatible
Calcium chloride,Ciprofloxacin,No informationCa = Compatible if diluent is NaCl 0.9%Cs = Based on solubility rules in Admixture and Y-site Compatibility of Additives in Intravenous Drips
Calcium chloride,Clindamycin phosphate,Compatible
Calcium chloride,Clonidine hydrocloride,No informationCa = Compatible if diluent is NaCl 0.9%Cs = Based on solubility rules in Admixture and Y-site Compatibility of Additives in Intravenous Drips
Calcium chloride,Cloxacillin sodium,Compatible
Calcium chloride,Diazepam,Not compatible
Calcium chloride,Erythromycin lactobionate,Compatible
Calcium chloride,Fluconazole,Compatible
Calcium chloride,Furosemide (Frusemide),Compatible
Calcium chloride,Gentamicin sulfate,Compatible
Calcium chloride,Hydrocortisone sodium succinate,Not compatible
Calcium chloride,Ibuprofen,No informationCa = Compatible if diluent is NaCl 0.9%Cs = Based on solubility rules in Admixture and Y-site Compatibility of Additives in Intravenous Drips
Calcium chloride,Ketamine HCl,No informationCa = Compatible if diluent is NaCl 0.9%Cs = Based on solubility rules in Admixture and Y-site Compatibility of Additives in Intravenous Drips
Calcium chloride,Lorazepam,Compatible
Calcium chloride,Levetiracetam,No informationCa = Compatible if diluent is NaCl 0.9%Cs = Based on solubility rules in Admixture and Y-site Compatibility of Additives in Intravenous Drips
Calcium chloride,Magnesium sulfate,Not compatible
Calcium chloride,Meropenem,Compatible
Calcium chloride,Methylprednisolone sodium succinate,Not compatible
Calcium chloride,Metronidazole,Compatible
Calcium chloride,Morphine sulfate,Compatible
Calcium chloride,Omeprazole sodium,No informationCa = Compatible if diluent is NaCl 0.9%Cs = Based on solubility rules in Admixture and Y-site Compatibility of Additives in Intravenous Drips
Calcium chloride,Ondansetron hydrochloride,Compatible
Calcium chloride,Phenobarbital sodium,Compatible
Calcium chloride,Penicillin G sodium,Compatible
Calcium chloride,Phenytoin sodium,Not compatible
Calcium chloride,Piperacillin sodium-Tazobactam sodium,Compatible
Calcium chloride,Potassium chloride,Compatible
Calcium chloride,Potassium phosphates,Not compatible
Calcium chloride,Sodium acetate,No informationCa = Compatible if diluent is NaCl 0.9%Cs = Based on solubility rules in Admixture and Y-site Compatibility of Additives in Intravenous Drips
Calcium chloride,Sodium bicarbonate,Not compatible
Calcium chloride,Sulfamethoxazole-Trimethoprim,Not compatible
Calcium chloride,Vancomycin hydrochloride,Compatible
Calcium gluconate,Acetaminophen/Paracetamol,No informationCa = Compatible if diluent is NaCl 0.9%Cs = Based on solubility rules in Admixture and Y-site Compatibility of Additives in Intravenous Drips
Calcium gluconate,Acyclovir,Compatible
Calcium gluconate,Amikacin sulfate,Compatible
Calcium gluconate,Aminophylline,Compatible
Calcium gluconate,Amoxicillin sodium-clavulanate,No informationCa = Compatible if diluent is NaCl 0.9%Cs = Based on solubility rules in Admixture and Y-site Compatibility of Additives in Intravenous Drips
Calcium gluconate,Ampicillin sodium,Compatible if NaCl 0.9% used
Calcium gluconate,Ampicillin sodium-sulbactam sodium*,Compatible if NaCl 0.9% used
Calcium gluconate,Calcium chloride,Compatible
Calcium gluconate,Cefazolin sodium,Compatible
Calcium gluconate,Ceftazidime,Compatible
Calcium gluconate,Ceftriaxone sodium,Not compatible
Calcium gluconate,Ciprofloxacin,Compatible
Calcium gluconate,Clindamycin phosphate,Compatible
Calcium gluconate,Clonidine hydrocloride,No informationCa = Compatible if diluent is NaCl 0.9%Cs = Based on solubility rules in Admixture and Y-site Compatibility of Additives in Intravenous Drips
Calcium gluconate,Cloxacillin sodium,Compatible
Calcium gluconate,Diazepam,Not compatible
Calcium gluconate,Erythromycin lactobionate,Compatible
Calcium gluconate,Fluconazole,Not compatible
Calcium gluconate,Furosemide (Frusemide),Compatible
Calcium gluconate,Gentamicin sulfate,Compatible
Calcium gluconate,Hydrocortisone sodium succinate,Compatible
Calcium gluconate,Ibuprofen,No informationCa = Compatible if diluent is NaCl 0.9%Cs = Based on solubility rules in Admixture and Y-site Compatibility of Additives in Intravenous Drips
Calcium gluconate,Ketamine HCl,Compatible
Calcium gluconate,Lorazepam,Compatible
Calcium gluconate,Levetiracetam,No informationCa = Compatible if diluent is NaCl 0.9%Cs = Based on solubility rules in Admixture and Y-site Compatibility of Additives in Intravenous Drips
Calcium gluconate,Magnesium sulfate,Compatible
Calcium gluconate,Meropenem,Not compatible
Calcium gluconate,Methylprednisolone sodium succinate,Not compatible
Calcium gluconate,Metronidazole,Compatible
Calcium gluconate,Morphine sulfate,Compatible
Calcium gluconate,Omeprazole sodium,No informationCa = Compatible if diluent is NaCl 0.9%Cs = Based on solubility rules in Admixture and Y-site Compatibility of Additives in Intravenous Drips
Calcium gluconate,Ondansetron hydrochloride,Compatible
Calcium gluconate,Phenobarbital sodium,Compatible
Calcium gluconate,Penicillin G sodium,Compatible
Calcium gluconate,Phenytoin sodium,Not compatible
Calcium gluconate,Piperacillin sodium-Tazobactam sodium,Compatible
Calcium gluconate,Potassium chloride,Compatible
Calcium gluconate,Potassium phosphates,Not compatible
Calcium gluconate,Sodium acetate,Compatible
Calcium gluconate,Sodium bicarbonate,Not compatible
Calcium gluconate,Sulfamethoxazole-Trimethoprim,Not compatible
Calcium gluconate,Vancomycin hydrochloride,Compatible
Cefazolin sodium,Acetaminophen/Paracetamol,Compatible
Cefazolin sodium,Acyclovir,Compatible
Cefazolin sodium,Amikacin sulfate,Compatible
Cefazolin sodium,Aminophylline,Compatible
Cefazolin sodium,Amoxicillin sodium-clavulanate,No informationCa = Compatible if diluent is NaCl 0.9%Cs = Based on solubility rules in Admixture and Y-site Compatibility of Additives in Intravenous Drips
Cefazolin sodium,Ampicillin sodium,Compatible if NaCl 0.9% used
Cefazolin sodium,Ampicillin sodium-sulbactam sodium*,Compatible if NaCl 0.9% used
Cefazolin sodium,Calcium chloride,Not compatible
Cefazolin sodium,Calcium gluconate,Compatible
Cefazolin sodium,Ceftazidime,Compatible
Cefazolin sodium,Ceftriaxone sodium,Compatible
Cefazolin sodium,Ciprofloxacin,No informationCa = Compatible if diluent is NaCl 0.9%Cs = Based on solubility rules in Admixture and Y-site Compatibility of Additives in Intravenous Drips
Cefazolin sodium,Clindamycin phosphate,Compatible
Cefazolin sodium,Clonidine hydrocloride,No informationCa = Compatible if diluent is NaCl 0.9%Cs = Based on solubility rules in Admixture and Y-site Compatibility of Additives in Intravenous Drips
Cefazolin sodium,Cloxacillin sodium,Compatible
Cefazolin sodium,Diazepam,Not compatible
Cefazolin sodium,Erythromycin lactobionate,Not compatible
Cefazolin sodium,Fluconazole,Compatible
Cefazolin sodium,Furosemide (Frusemide),Compatible
Cefazolin sodium,Gentamicin sulfate,Compatible
Cefazolin sodium,Hydrocortisone sodium succinate,Compatible
Cefazolin sodium,Ibuprofen,No informationCa = Compatible if diluent is NaCl 0.9%Cs = Based on solubility rules in Admixture and Y-site Compatibility of Additives in Intravenous Drips
Cefazolin sodium,Ketamine HCl,Compatible
Cefazolin sodium,Lorazepam,Compatible
Cefazolin sodium,Levetiracetam,No informationCa = Compatible if diluent is NaCl 0.9%Cs = Based on solubility rules in Admixture and Y-site Compatibility of Additives in Intravenous Drips
Cefazolin sodium,Magnesium sulfate,No informationCa = Compatible if diluent is NaCl 0.9%Cs = Based on solubility rules in Admixture and Y-site Compatibility of Additives in Intravenous Drips
Cefazolin sodium,Meropenem,Compatible
Cefazolin sodium,Methylprednisolone sodium succinate,Compatible
Cefazolin sodium,Metronidazole,Compatible
Cefazolin sodium,Morphine sulfate,Compatible
Cefazolin sodium,Omeprazole sodium,No informationCa = Compatible if diluent is NaCl 0.9%Cs = Based on solubility rules in Admixture and Y-site Compatibility of Additives in Intravenous Drips
Cefazolin sodium,Ondansetron hydrochloride,Compatible
Cefazolin sodium,Phenobarbital sodium,Compatible
Cefazolin sodium,Penicillin G sodium,Compatible
Cefazolin sodium,Phenytoin sodium,Not compatible
Cefazolin sodium,Piperacillin sodium-Tazobactam sodium,No informationCa = Compatible if diluent is NaCl 0.9%Cs = Based on solubility rules in Admixture and Y-site Compatibility of Additives in Intravenous Drips
Cefazolin sodium,Potassium chloride,Compatible
Cefazolin sodium,Potassium phosphates,No informationCa = Compatible if diluent is NaCl 0.9%Cs = Based on solubility rules in Admixture and Y-site Compatibility of Additives in Intravenous Drips
Cefazolin sodium,Sodium acetate,Compatible
Cefazolin sodium,Sodium bicarbonate,Compatible
Cefazolin sodium,Sulfamethoxazole-Trimethoprim,Not compatible
Cefazolin sodium,Vancomycin hydrochloride,Not compatible
Ceftazidime,Acetaminophen/Paracetamol,No informationCa = Compatible if diluent is NaCl 0.9%Cs = Based on solubility rules in Admixture and Y-site Compatibility of Additives in Intravenous Drips
Ceftazidime,Acyclovir,Compatible
Ceftazidime,Amikacin sulfate,Compatible
Ceftazidime,Aminophylline,Compatible
Ceftazidime,Amoxicillin sodium-clavulanate,No informationCa = Compatible if diluent is NaCl 0.9%Cs = Based on solubility rules in Admixture and Y-site Compatibility of Additives in Intravenous Drips
Ceftazidime,Ampicillin sodium,Compatible if NaCl 0.9% used
Ceftazidime,Ampicillin sodium-sulbactam sodium*,Compatible if NaCl 0.9% used
Ceftazidime,Calcium chloride,Not compatible
Ceftazidime,Calcium gluconate,Compatible
Ceftazidime,Cefazolin sodium,Compatible
Ceftazidime,Ceftriaxone sodium,Compatible
Ceftazidime,Ciprofloxacin,Compatible
Ceftazidime,Clindamycin phosphate,Compatible
Ceftazidime,Clonidine hydrocloride,No informationCa = Compatible if diluent is NaCl 0.9%Cs = Based on solubility rules in Admixture and Y-site Compatibility of Additives in Intravenous Drips
Ceftazidime,Cloxacillin sodium,Compatible
Ceftazidime,Diazepam,Not compatible
Ceftazidime,Erythromycin lactobionate,Not compatible
Ceftazidime,Fluconazole,Not compatible
Ceftazidime,Furosemide (Frusemide),Compatible
Ceftazidime,Gentamicin sulfate,Compatible
Ceftazidime,Hydrocortisone sodium succinate,Compatible
Ceftazidime,Ibuprofen,No informationCa = Compatible if diluent is NaCl 0.9%Cs = Based on solubility rules in Admixture and Y-site Compatibility of Additives in Intravenous Drips
Ceftazidime,Ketamine HCl,Compatible
Ceftazidime,Lorazepam,Compatible
Ceftazidime,Levetiracetam,No informationCa = Compatible if diluent is NaCl 0.9%Cs = Based on solubility rules in Admixture and Y-site Compatibility of Additives in Intravenous Drips
Ceftazidime,Magnesium sulfate,Compatible
Ceftazidime,Meropenem,Compatible
Ceftazidime,Methylprednisolone sodium succinate,Compatible
Ceftazidime,Metronidazole,Compatible
Ceftazidime,Morphine sulfate,Compatible
Ceftazidime,Omeprazole sodium,No informationCa = Compatible if diluent is NaCl 0.9%Cs = Based on solubility rules in Admixture and Y-site Compatibility of Additives in Intravenous Drips
Ceftazidime,Ondansetron hydrochloride,Compatible
Ceftazidime,Phenobarbital sodium,Compatible
Ceftazidime,Penicillin G sodium,Compatible
Ceftazidime,Phenytoin sodium,Not compatible
Ceftazidime,Piperacillin sodium-Tazobactam sodium,No informationCa = Compatible if diluent is NaCl 0.9%Cs = Based on solubility rules in Admixture and Y-site Compatibility of Additives in Intravenous Drips
Ceftazidime,Potassium chloride,Compatible
Ceftazidime,Potassium phosphates,No informationCa = Compatible if diluent is NaCl 0.9%Cs = Based on solubility rules in Admixture and Y-site Compatibility of Additives in Intravenous Drips
Ceftazidime,Sodium acetate,Compatible
Ceftazidime,Sodium bicarbonate,Compatible
Ceftazidime,Sulfamethoxazole-Trimethoprim,Not compatible
Ceftazidime,Vancomycin hydrochloride,Not compatible
Ceftriaxone sodium,Acetaminophen/Paracetamol,Compatible
Ceftriaxone sodium,Acyclovir,Compatible
Ceftriaxone sodium,Amikacin sulfate,Compatible
Ceftriaxone sodium,Aminophylline,Compatible
Ceftriaxone sodium,Amoxicillin sodium-clavulanate,No informationCa = Compatible if diluent is NaCl 0.9%Cs = Based on solubility rules in Admixture and Y-site Compatibility of Additives in Intravenous Drips
Ceftriaxone sodium,Ampicillin sodium,Compatible if NaCl 0.9% used
Ceftriaxone sodium,Ampicillin sodium-sulbactam sodium*,Compatible if NaCl 0.9% used
Ceftriaxone sodium,Calcium chloride,Not compatible
Ceftriaxone sodium,Calcium gluconate,Not compatible
Ceftriaxone sodium,Cefazolin sodium,Compatible
Ceftriaxone sodium,Ceftazidime,Compatible
Ceftriaxone sodium,Ceftriaxone sodium,NA  
Ceftriaxone sodium,Ciprofloxacin,No informationCa = Compatible if diluent is NaCl 0.9%Cs = Based on solubility rules in Admixture and Y-site Compatibility of Additives in Intravenous Drips
Ceftriaxone sodium,Clindamycin phosphate,Not compatible
Ceftriaxone sodium,Clonidine hydrocloride,No informationCa = Compatible if diluent is NaCl 0.9%Cs = Based on solubility rules in Admixture and Y-site Compatibility of Additives in Intravenous Drips
Ceftriaxone sodium,Cloxacillin sodium,Compatible
Ceftriaxone sodium,Diazepam,Not compatible
Ceftriaxone sodium,Erythromycin lactobionate,Compatible
Ceftriaxone sodium,Fluconazole,Not compatible
Ceftriaxone sodium,Furosemide (Frusemide),Compatible
Ceftriaxone sodium,Gentamicin sulfate,Compatible
Ceftriaxone sodium,Hydrocortisone sodium succinate,Compatible
Ceftriaxone sodium,Ibuprofen,No informationCa = Compatible if diluent is NaCl 0.9%Cs = Based on solubility rules in Admixture and Y-site Compatibility of Additives in Intravenous Drips
Ceftriaxone sodium,Ketamine HCl,No informationCa = Compatible if diluent is NaCl 0.9%Cs = Based on solubility rules in Admixture and Y-site Compatibility of Additives in Intravenous Drips
Ceftriaxone sodium,Lorazepam,Compatible
Ceftriaxone sodium,Levetiracetam,No informationCa = Compatible if diluent is NaCl 0.9%Cs = Based on solubility rules in Admixture and Y-site Compatibility of Additives in Intravenous Drips
Ceftriaxone sodium,Magnesium sulfate,Not compatible
Ceftriaxone sodium,Meropenem,Compatible
Ceftriaxone sodium,Methylprednisolone sodium succinate,Compatible
Ceftriaxone sodium,Metronidazole,Compatible
Ceftriaxone sodium,Morphine sulfate,Compatible
Ceftriaxone sodium,Omeprazole sodium,No informationCa = Compatible if diluent is NaCl 0.9%Cs = Based on solubility rules in Admixture and Y-site Compatibility of Additives in Intravenous Drips
Ceftriaxone sodium,Ondansetron hydrochloride,Compatible
Ceftriaxone sodium,Phenobarbital sodium,Compatible
Ceftriaxone sodium,Penicillin G sodium,Compatible
Ceftriaxone sodium,Phenytoin sodium,Not compatible
Ceftriaxone sodium,Piperacillin sodium-Tazobactam sodium,No informationCa = Compatible if diluent is NaCl 0.9%Cs = Based on solubility rules in Admixture and Y-site Compatibility of Additives in Intravenous Drips
Ceftriaxone sodium,Potassium chloride,Compatible
Ceftriaxone sodium,Potassium phosphates,No informationCa = Compatible if diluent is NaCl 0.9%Cs = Based on solubility rules in Admixture and Y-site Compatibility of Additives in Intravenous Drips
Ceftriaxone sodium,Sodium acetate,Compatible
Ceftriaxone sodium,Sodium bicarbonate,Compatible
Ceftriaxone sodium,Sulfamethoxazole-Trimethoprim,Not compatible
Ceftriaxone sodium,Vancomycin hydrochloride,Not compatible
Ciprofloxacin,Acetaminophen/Paracetamol,No informationCa = Compatible if diluent is NaCl 0.9%Cs = Based on solubility rules in Admixture and Y-site Compatibility of Additives in Intravenous Drips
Ciprofloxacin,Acyclovir,Not compatible
Ciprofloxacin,Amikacin sulfate,Compatible
Ciprofloxacin,Aminophylline,Not compatible
Ciprofloxacin,Amoxicillin sodium-clavulanate,No informationCa = Compatible if diluent is NaCl 0.9%Cs = Based on solubility rules in Admixture and Y-site Compatibility of Additives in Intravenous Drips
Ciprofloxacin,Ampicillin sodium,No informationCa = Compatible if diluent is NaCl 0.9%Cs = Based on solubility rules in Admixture and Y-site Compatibility of Additives in Intravenous Drips
Ciprofloxacin,Ampicillin sodium-sulbactam sodium*,Not compatible
Ciprofloxacin,Calcium chloride,No informationCa = Compatible if diluent is NaCl 0.9%Cs = Based on solubility rules in Admixture and Y-site Compatibility of Additives in Intravenous Drips
Ciprofloxacin,Calcium gluconate,Compatible
Ciprofloxacin,Cefazolin sodium,No informationCa = Compatible if diluent is NaCl 0.9%Cs = Based on solubility rules in Admixture and Y-site Compatibility of Additives in Intravenous Drips
Ciprofloxacin,Ceftazidime,Compatible
Ciprofloxacin,Ceftriaxone sodium,No informationCa = Compatible if diluent is NaCl 0.9%Cs = Based on solubility rules in Admixture and Y-site Compatibility of Additives in Intravenous Drips
Ciprofloxacin,Clindamycin phosphate,Not compatible
Ciprofloxacin,Clonidine hydrocloride,No informationCa = Compatible if diluent is NaCl 0.9%Cs = Based on solubility rules in Admixture and Y-site Compatibility of Additives in Intravenous Drips
Ciprofloxacin,Cloxacillin sodium,Not compatible
Ciprofloxacin,Diazepam,No informationCa = Compatible if diluent is NaCl 0.9%Cs = Based on solubility rules in Admixture and Y-site Compatibility of Additives in Intravenous Drips
Ciprofloxacin,Erythromycin lactobionate,No informationCa = Compatible if diluent is NaCl 0.9%Cs = Based on solubility rules in Admixture and Y-site Compatibility of Additives in Intravenous Drips
Ciprofloxacin,Fluconazole,Compatible
Ciprofloxacin,Furosemide (Frusemide),Not compatible
Ciprofloxacin,Gentamicin sulfate,Compatible
Ciprofloxacin,Hydrocortisone sodium succinate,Not compatible
Ciprofloxacin,Ibuprofen,No informationCa = Compatible if diluent is NaCl 0.9%Cs = Based on solubility rules in Admixture and Y-site Compatibility of Additives in Intravenous Drips
Ciprofloxacin,Ketamine HCl,No informationCa = Compatible if diluent is NaCl 0.9%Cs = Based on solubility rules in Admixture and Y-site Compatibility of Additives in Intravenous Drips
Ciprofloxacin,Lorazepam,Compatible
Ciprofloxacin,Levetiracetam,No informationCa = Compatible if diluent is NaCl 0.9%Cs = Based on solubility rules in Admixture and Y-site Compatibility of Additives in Intravenous Drips
Ciprofloxacin,Magnesium sulfate,Not compatible
Ciprofloxacin,Meropenem,Not compatible
Ciprofloxacin,Methylprednisolone sodium succinate,Not compatible
Ciprofloxacin,Metronidazole,Compatible
Ciprofloxacin,Morphine sulfate,Compatible if NaCl 0.9% used
Ciprofloxacin,Omeprazole sodium,No informationCa = Compatible if diluent is NaCl 0.9%Cs = Based on solubility rules in Admixture and Y-site Compatibility of Additives in Intravenous Drips
Ciprofloxacin,Ondansetron hydrochloride,Compatible
Ciprofloxacin,Phenobarbital sodium,No informationCa = Compatible if diluent is NaCl 0.9%Cs = Based on solubility rules in Admixture and Y-site Compatibility of Additives in Intravenous Drips
Ciprofloxacin,Penicillin G sodium,No informationCa = Compatible if diluent is NaCl 0.9%Cs = Based on solubility rules in Admixture and Y-site Compatibility of Additives in Intravenous Drips
Ciprofloxacin,Phenytoin sodium,Not compatible
Ciprofloxacin,Piperacillin sodium-Tazobactam sodium,Not compatible
Ciprofloxacin,Potassium chloride,Compatible
Ciprofloxacin,Potassium phosphates,Not compatible
Ciprofloxacin,Sodium acetate,No informationCa = Compatible if diluent is NaCl 0.9%Cs = Based on solubility rules in Admixture and Y-site Compatibility of Additives in Intravenous Drips
Ciprofloxacin,Sodium bicarbonate,Not compatible
Ciprofloxacin,Sulfamethoxazole-Trimethoprim,No informationCa = Compatible if diluent is NaCl 0.9%Cs = Based on solubility rules in Admixture and Y-site Compatibility of Additives in Intravenous Drips
Ciprofloxacin,Vancomycin hydrochloride,Compatible
Clindamycin phosphate,Acetaminophen/Paracetamol,Compatible
Clindamycin phosphate,Acyclovir,Compatible
Clindamycin phosphate,Amikacin sulfate,Compatible
Clindamycin phosphate,Aminophylline,Compatible
Clindamycin phosphate,Amoxicillin sodium-clavulanate,No informationCa = Compatible if diluent is NaCl 0.9%Cs = Based on solubility rules in Admixture and Y-site Compatibility of Additives in Intravenous Drips
Clindamycin phosphate,Ampicillin sodium,Compatible if NaCl 0.9% used
Clindamycin phosphate,Ampicillin sodium-sulbactam sodium*,Compatible if NaCl 0.9% used
Clindamycin phosphate,Calcium chloride,Compatible
Clindamycin phosphate,Calcium gluconate,Compatible
Clindamycin phosphate,Cefazolin sodium,Compatible
Clindamycin phosphate,Ceftazidime,Compatible
Clindamycin phosphate,Ceftriaxone sodium,Not compatible
Clindamycin phosphate,Ciprofloxacin,Not compatible
Clindamycin phosphate,Clonidine hydrocloride,No informationCa = Compatible if diluent is NaCl 0.9%Cs = Based on solubility rules in Admixture and Y-site Compatibility of Additives in Intravenous Drips
Clindamycin phosphate,Cloxacillin sodium,Compatible
Clindamycin phosphate,Diazepam,Not compatible
Clindamycin phosphate,Erythromycin lactobionate,Compatible if NaCl 0.9% used
Clindamycin phosphate,Fluconazole,Not compatible
Clindamycin phosphate,Furosemide (Frusemide),Compatible
Clindamycin phosphate,Gentamicin sulfate,Compatible
Clindamycin phosphate,Hydrocortisone sodium succinate,Compatible
Clindamycin phosphate,Ibuprofen,No informationCa = Compatible if diluent is NaCl 0.9%Cs = Based on solubility rules in Admixture and Y-site Compatibility of Additives in Intravenous Drips
Clindamycin phosphate,Ketamine HCl,Compatible
Clindamycin phosphate,Lorazepam,Compatible
Clindamycin phosphate,Levetiracetam,No informationCa = Compatible if diluent is NaCl 0.9%Cs = Based on solubility rules in Admixture and Y-site Compatibility of Additives in Intravenous Drips
Clindamycin phosphate,Magnesium sulfate,Compatible
Clindamycin phosphate,Meropenem,Compatible
Clindamycin phosphate,Methylprednisolone sodium succinate,Compatible
Clindamycin phosphate,Metronidazole,Compatible
Clindamycin phosphate,Morphine sulfate,Compatible
Clindamycin phosphate,Omeprazole sodium,No informationCa = Compatible if diluent is NaCl 0.9%Cs = Based on solubility rules in Admixture and Y-site Compatibility of Additives in Intravenous Drips
Clindamycin phosphate,Ondansetron hydrochloride,Compatible
Clindamycin phosphate,Phenobarbital sodium,Compatible
Clindamycin phosphate,Penicillin G sodium,Compatible
Clindamycin phosphate,Phenytoin sodium,Not compatible
Clindamycin phosphate,Piperacillin sodium-Tazobactam sodium,Compatible
Clindamycin phosphate,Potassium chloride,Compatible
Clindamycin phosphate,Potassium phosphates,No informationCa = Compatible if diluent is NaCl 0.9%Cs = Based on solubility rules in Admixture and Y-site Compatibility of Additives in Intravenous Drips
Clindamycin phosphate,Sodium acetate,Compatible
Clindamycin phosphate,Sodium bicarbonate,Compatible
Clindamycin phosphate,Sulfamethoxazole-Trimethoprim,Not compatible
Clindamycin phosphate,Vancomycin hydrochloride,Compatible
Clonidine hydrocloride,Acetaminophen/Paracetamol,No informationCa = Compatible if diluent is NaCl 0.9%Cs = Based on solubility rules in Admixture and Y-site Compatibility of Additives in Intravenous Drips
Clonidine hydrocloride,Acyclovir,No informationCa = Compatible if diluent is NaCl 0.9%Cs = Based on solubility rules in Admixture and Y-site Compatibility of Additives in Intravenous Drips
Clonidine hydrocloride,Amikacin sulfate,No informationCa = Compatible if diluent is NaCl 0.9%Cs = Based on solubility rules in Admixture and Y-site Compatibility of Additives in Intravenous Drips
Clonidine hydrocloride,Aminophylline,Compatible
Clonidine hydrocloride,Amoxicillin sodium-clavulanate,No informationCa = Compatible if diluent is NaCl 0.9%Cs = Based on solubility rules in Admixture and Y-site Compatibility of Additives in Intravenous Drips
Clonidine hydrocloride,Ampicillin sodium,No informationCa = Compatible if diluent is NaCl 0.9%Cs = Based on solubility rules in Admixture and Y-site Compatibility of Additives in Intravenous Drips
Clonidine hydrocloride,Ampicillin sodium-sulbactam sodium*,No informationCa = Compatible if diluent is NaCl 0.9%Cs = Based on solubility rules in Admixture and Y-site Compatibility of Additives in Intravenous Drips
Clonidine hydrocloride,Calcium chloride,No informationCa = Compatible if diluent is NaCl 0.9%Cs = Based on solubility rules in Admixture and Y-site Compatibility of Additives in Intravenous Drips
Clonidine hydrocloride,Calcium gluconate,No informationCa = Compatible if diluent is NaCl 0.9%Cs = Based on solubility rules in Admixture and Y-site Compatibility of Additives in Intravenous Drips
Clonidine hydrocloride,Cefazolin sodium,No informationCa = Compatible if diluent is NaCl 0.9%Cs = Based on solubility rules in Admixture and Y-site Compatibility of Additives in Intravenous Drips
Clonidine hydrocloride,Ceftazidime,No informationCa = Compatible if diluent is NaCl 0.9%Cs = Based on solubility rules in Admixture and Y-site Compatibility of Additives in Intravenous Drips
Clonidine hydrocloride,Ceftriaxone sodium,No informationCa = Compatible if diluent is NaCl 0.9%Cs = Based on solubility rules in Admixture and Y-site Compatibility of Additives in Intravenous Drips
Clonidine hydrocloride,Ciprofloxacin,No informationCa = Compatible if diluent is NaCl 0.9%Cs = Based on solubility rules in Admixture and Y-site Compatibility of Additives in Intravenous Drips
Clonidine hydrocloride,Clindamycin phosphate,No informationCa = Compatible if diluent is NaCl 0.9%Cs = Based on solubility rules in Admixture and Y-site Compatibility of Additives in Intravenous Drips
Clonidine hydrocloride,Cloxacillin sodium,No informationCa = Compatible if diluent is NaCl 0.9%Cs = Based on solubility rules in Admixture and Y-site Compatibility of Additives in Intravenous Drips
Clonidine hydrocloride,Diazepam,No informationCa = Compatible if diluent is NaCl 0.9%Cs = Based on solubility rules in Admixture and Y-site Compatibility of Additives in Intravenous Drips
Clonidine hydrocloride,Erythromycin lactobionate,No informationCa = Compatible if diluent is NaCl 0.9%Cs = Based on solubility rules in Admixture and Y-site Compatibility of Additives in Intravenous Drips
Clonidine hydrocloride,Fluconazole,No informationCa = Compatible if diluent is NaCl 0.9%Cs = Based on solubility rules in Admixture and Y-site Compatibility of Additives in Intravenous Drips
Clonidine hydrocloride,Furosemide (Frusemide),Compatible
Clonidine hydrocloride,Gentamicin sulfate,No informationCa = Compatible if diluent is NaCl 0.9%Cs = Based on solubility rules in Admixture and Y-site Compatibility of Additives in Intravenous Drips
Clonidine hydrocloride,Hydrocortisone sodium succinate,No informationCa = Compatible if diluent is NaCl 0.9%Cs = Based on solubility rules in Admixture and Y-site Compatibility of Additives in Intravenous Drips
Clonidine hydrocloride,Ibuprofen,No informationCa = Compatible if diluent is NaCl 0.9%Cs = Based on solubility rules in Admixture and Y-site Compatibility of Additives in Intravenous Drips
Clonidine hydrocloride,Ketamine HCl,Compatible
Clonidine hydrocloride,Lorazepam,Compatible
Clonidine hydrocloride,Levetiracetam,No informationCa = Compatible if diluent is NaCl 0.9%Cs = Based on solubility rules in Admixture and Y-site Compatibility of Additives in Intravenous Drips
Clonidine hydrocloride,Magnesium sulfate,Compatible
Clonidine hydrocloride,Meropenem,No informationCa = Compatible if diluent is NaCl 0.9%Cs = Based on solubility rules in Admixture and Y-site Compatibility of Additives in Intravenous Drips
Clonidine hydrocloride,Methylprednisolone sodium succinate,No informationCa = Compatible if diluent is NaCl 0.9%Cs = Based on solubility rules in Admixture and Y-site Compatibility of Additives in Intravenous Drips
Clonidine hydrocloride,Metronidazole,No informationCa = Compatible if diluent is NaCl 0.9%Cs = Based on solubility rules in Admixture and Y-site Compatibility of Additives in Intravenous Drips
Clonidine hydrocloride,Morphine sulfate,Compatible
Clonidine hydrocloride,Omeprazole sodium,No informationCa = Compatible if diluent is NaCl 0.9%Cs = Based on solubility rules in Admixture and Y-site Compatibility of Additives in Intravenous Drips
Clonidine hydrocloride,Ondansetron hydrochloride,No informationCa = Compatible if diluent is NaCl 0.9%Cs = Based on solubility rules in Admixture and Y-site Compatibility of Additives in Intravenous Drips
Clonidine hydrocloride,Phenobarbital sodium,No informationCa = Compatible if diluent is NaCl 0.9%Cs = Based on solubility rules in Admixture and Y-site Compatibility of Additives in Intravenous Drips
Clonidine hydrocloride,Penicillin G sodium,No informationCa = Compatible if diluent is NaCl 0.9%Cs = Based on solubility rules in Admixture and Y-site Compatibility of Additives in Intravenous Drips
Clonidine hydrocloride,Phenytoin sodium,No informationCa = Compatible if diluent is NaCl 0.9%Cs = Based on solubility rules in Admixture and Y-site Compatibility of Additives in Intravenous Drips
Clonidine hydrocloride,Piperacillin sodium-Tazobactam sodium,No informationCa = Compatible if diluent is NaCl 0.9%Cs = Based on solubility rules in Admixture and Y-site Compatibility of Additives in Intravenous Drips
Clonidine hydrocloride,Potassium chloride,Compatible
Clonidine hydrocloride,Potassium phosphates,No informationCa = Compatible if diluent is NaCl 0.9%Cs = Based on solubility rules in Admixture and Y-site Compatibility of Additives in Intravenous Drips
Clonidine hydrocloride,Sodium acetate,No informationCa = Compatible if diluent is NaCl 0.9%Cs = Based on solubility rules in Admixture and Y-site Compatibility of Additives in Intravenous Drips
Clonidine hydrocloride,Sodium bicarbonate,No informationCa = Compatible if diluent is NaCl 0.9%Cs = Based on solubility rules in Admixture and Y-site Compatibility of Additives in Intravenous Drips
Clonidine hydrocloride,Sulfamethoxazole-Trimethoprim,No informationCa = Compatible if diluent is NaCl 0.9%Cs = Based on solubility rules in Admixture and Y-site Compatibility of Additives in Intravenous Drips
Clonidine hydrocloride,Vancomycin hydrochloride,No informationCa = Compatible if diluent is NaCl 0.9%Cs = Based on solubility rules in Admixture and Y-site Compatibility of Additives in Intravenous Drips
Cloxacillin sodium,Acetaminophen/Paracetamol,No informationCa = Compatible if diluent is NaCl 0.9%Cs = Based on solubility rules in Admixture and Y-site Compatibility of Additives in Intravenous Drips
Cloxacillin sodium,Acyclovir,Compatible
Cloxacillin sodium,Amikacin sulfate,Not compatible
Cloxacillin sodium,Aminophylline,Compatible
Cloxacillin sodium,Amoxicillin sodium-clavulanate,No informationCa = Compatible if diluent is NaCl 0.9%Cs = Based on solubility rules in Admixture and Y-site Compatibility of Additives in Intravenous Drips
Cloxacillin sodium,Ampicillin sodium,Compatible if NaCl 0.9% used
Cloxacillin sodium,Ampicillin sodium-sulbactam sodium*,No informationCa = Compatible if diluent is NaCl 0.9%Cs = Based on solubility rules in Admixture and Y-site Compatibility of Additives in Intravenous Drips
Cloxacillin sodium,Calcium chloride,Compatible
Cloxacillin sodium,Calcium gluconate,Compatible
Cloxacillin sodium,Cefazolin sodium,Compatible
Cloxacillin sodium,Ceftazidime,Compatible
Cloxacillin sodium,Ceftriaxone sodium,Compatible
Cloxacillin sodium,Ciprofloxacin,Not compatible
Cloxacillin sodium,Clindamycin phosphate,Compatible
Cloxacillin sodium,Clonidine hydrocloride,No informationCa = Compatible if diluent is NaCl 0.9%Cs = Based on solubility rules in Admixture and Y-site Compatibility of Additives in Intravenous Drips
Cloxacillin sodium,Diazepam,Not compatible
Cloxacillin sodium,Erythromycin lactobionate,Not compatible
Cloxacillin sodium,Fluconazole,Compatible
Cloxacillin sodium,Furosemide (Frusemide),Compatible
Cloxacillin sodium,Gentamicin sulfate,Not compatible
Cloxacillin sodium,Hydrocortisone sodium succinate,Compatible
Cloxacillin sodium,Ibuprofen,No informationCa = Compatible if diluent is NaCl 0.9%Cs = Based on solubility rules in Admixture and Y-site Compatibility of Additives in Intravenous Drips
Cloxacillin sodium,Ketamine HCl,Compatible
Cloxacillin sodium,Lorazepam,Not compatible
Cloxacillin sodium,Levetiracetam,No informationCa = Compatible if diluent is NaCl 0.9%Cs = Based on solubility rules in Admixture and Y-site Compatibility of Additives in Intravenous Drips
Cloxacillin sodium,Magnesium sulfate,Compatible
Cloxacillin sodium,Meropenem,Compatible
Cloxacillin sodium,Methylprednisolone sodium succinate,Compatible
Cloxacillin sodium,Metronidazole,Compatible
Cloxacillin sodium,Morphine sulfate,Not compatible
Cloxacillin sodium,Omeprazole sodium,No informationCa = Compatible if diluent is NaCl 0.9%Cs = Based on solubility rules in Admixture and Y-site Compatibility of Additives in Intravenous Drips
Cloxacillin sodium,Ondansetron hydrochloride,Compatible
Cloxacillin sodium,Phenobarbital sodium,Compatible
Cloxacillin sodium,Penicillin G sodium,Compatible
Cloxacillin sodium,Phenytoin sodium,Not compatible
Cloxacillin sodium,Piperacillin sodium-Tazobactam sodium,Compatible
Cloxacillin sodium,Potassium chloride,Compatible
Cloxacillin sodium,Potassium phosphates,Not compatible
Cloxacillin sodium,Sodium acetate,No informationCa = Compatible if diluent is NaCl 0.9%Cs = Based on solubility rules in Admixture and Y-site Compatibility of Additives in Intravenous Drips
Cloxacillin sodium,Sodium bicarbonate,Compatible
Cloxacillin sodium,Sulfamethoxazole-Trimethoprim,Not compatible
Cloxacillin sodium,Vancomycin hydrochloride,Not compatible
Diazepam,Acetaminophen/Paracetamol,Not compatible
Diazepam,Acyclovir,Not compatible
Diazepam,Amikacin sulfate,Not compatible
Diazepam,Aminophylline,Not compatible
Diazepam,Amoxicillin sodium-clavulanate,No informationCa = Compatible if diluent is NaCl 0.9%Cs = Based on solubility rules in Admixture and Y-site Compatibility of Additives in Intravenous Drips
Diazepam,Ampicillin sodium,Not compatible
Diazepam,Ampicillin sodium-sulbactam sodium*,Not compatible
Diazepam,Calcium chloride,Not compatible
Diazepam,Calcium gluconate,Not compatible
Diazepam,Cefazolin sodium,Not compatible
Diazepam,Ceftazidime,Not compatible
Diazepam,Ceftriaxone sodium,Not compatible
Diazepam,Ciprofloxacin,No informationCa = Compatible if diluent is NaCl 0.9%Cs = Based on solubility rules in Admixture and Y-site Compatibility of Additives in Intravenous Drips
Diazepam,Clindamycin phosphate,Not compatible
Diazepam,Clonidine hydrocloride,No informationCa = Compatible if diluent is NaCl 0.9%Cs = Based on solubility rules in Admixture and Y-site Compatibility of Additives in Intravenous Drips
Diazepam,Cloxacillin sodium,Not compatible
Diazepam,Erythromycin lactobionate,Not compatible
Diazepam,Fluconazole,Not compatible
Diazepam,Furosemide (Frusemide),Not compatible
Diazepam,Gentamicin sulfate,Not compatible
Diazepam,Hydrocortisone sodium succinate,Not compatible
Diazepam,Ibuprofen,No informationCa = Compatible if diluent is NaCl 0.9%Cs = Based on solubility rules in Admixture and Y-site Compatibility of Additives in Intravenous Drips
Diazepam,Ketamine HCl,Not compatible
Diazepam,Lorazepam,No informationCa = Compatible if diluent is NaCl 0.9%Cs = Based on solubility rules in Admixture and Y-site Compatibility of Additives in Intravenous Drips
Diazepam,Levetiracetam,Compatible
Diazepam,Magnesium sulfate,Not compatible
Diazepam,Meropenem,Not compatible
Diazepam,Methylprednisolone sodium succinate,Not compatible
Diazepam,Metronidazole,Not compatible
Diazepam,Morphine sulfate,Not compatible
Diazepam,Omeprazole sodium,No informationCa = Compatible if diluent is NaCl 0.9%Cs = Based on solubility rules in Admixture and Y-site Compatibility of Additives in Intravenous Drips
Diazepam,Ondansetron hydrochloride,Not compatible
Diazepam,Phenobarbital sodium,Not compatible
Diazepam,Penicillin G sodium,Not compatible
Diazepam,Phenytoin sodium,Not compatible
Diazepam,Piperacillin sodium-Tazobactam sodium,Compatible
Diazepam,Potassium chloride,Not compatible
Diazepam,Potassium phosphates,No informationCa = Compatible if diluent is NaCl 0.9%Cs = Based on solubility rules in Admixture and Y-site Compatibility of Additives in Intravenous Drips
Diazepam,Sodium acetate,Not compatible
Diazepam,Sodium bicarbonate,Not compatible
Diazepam,Sulfamethoxazole-Trimethoprim,Not compatible
Diazepam,Vancomycin hydrochloride,Not compatible
Erythromycin lactobionate,Acetaminophen/Paracetamol,No informationCa = Compatible if diluent is NaCl 0.9%Cs = Based on solubility rules in Admixture and Y-site Compatibility of Additives in Intravenous Drips
Erythromycin lactobionate,Acyclovir,Compatible
Erythromycin lactobionate,Amikacin sulfate,Compatible
Erythromycin lactobionate,Aminophylline,Compatible
Erythromycin lactobionate,Amoxicillin sodium-clavulanate,No informationCa = Compatible if diluent is NaCl 0.9%Cs = Based on solubility rules in Admixture and Y-site Compatibility of Additives in Intravenous Drips
Erythromycin lactobionate,Ampicillin sodium,Compatible if NaCl 0.9% used
Erythromycin lactobionate,Ampicillin sodium-sulbactam sodium*,Compatible if NaCl 0.9% used
Erythromycin lactobionate,Calcium chloride,Compatible
Erythromycin lactobionate,Calcium gluconate,Compatible
Erythromycin lactobionate,Cefazolin sodium,Not compatible
Erythromycin lactobionate,Ceftazidime,Not compatible
Erythromycin lactobionate,Ceftriaxone sodium,Compatible
Erythromycin lactobionate,Ciprofloxacin,No informationCa = Compatible if diluent is NaCl 0.9%Cs = Based on solubility rules in Admixture and Y-site Compatibility of Additives in Intravenous Drips
Erythromycin lactobionate,Clindamycin phosphate,Compatible if NaCl 0.9% used
Erythromycin lactobionate,Clonidine hydrocloride,No informationCa = Compatible if diluent is NaCl 0.9%Cs = Based on solubility rules in Admixture and Y-site Compatibility of Additives in Intravenous Drips
Erythromycin lactobionate,Cloxacillin sodium,Not compatible
Erythromycin lactobionate,Diazepam,Not compatible
Erythromycin lactobionate,Fluconazole,Compatible
Erythromycin lactobionate,Furosemide (Frusemide),Not compatible
Erythromycin lactobionate,Gentamicin sulfate,Compatible
Erythromycin lactobionate,Hydrocortisone sodium succinate,Compatible
Erythromycin lactobionate,Ibuprofen,No informationCa = Compatible if diluent is NaCl 0.9%Cs = Based on solubility rules in Admixture and Y-site Compatibility of Additives in Intravenous Drips
Erythromycin lactobionate,Ketamine HCl,No informationCa = Compatible if diluent is NaCl 0.9%Cs = Based on solubility rules in Admixture and Y-site Compatibility of Additives in Intravenous Drips
Erythromycin lactobionate,Lorazepam,Compatible
Erythromycin lactobionate,Levetiracetam,No informationCa = Compatible if diluent is NaCl 0.9%Cs = Based on solubility rules in Admixture and Y-site Compatibility of Additives in Intravenous Drips
Erythromycin lactobionate,Magnesium sulfate,No informationCa = Compatible if diluent is NaCl 0.9%Cs = Based on solubility rules in Admixture and Y-site Compatibility of Additives in Intravenous Drips
Erythromycin lactobionate,Meropenem,Compatible
Erythromycin lactobionate,Methylprednisolone sodium succinate,Compatible
Erythromycin lactobionate,Metronidazole,Compatible
Erythromycin lactobionate,Morphine sulfate,Compatible
Erythromycin lactobionate,Omeprazole sodium,No informationCa = Compatible if diluent is NaCl 0.9%Cs = Based on solubility rules in Admixture and Y-site Compatibility of Additives in Intravenous Drips
Erythromycin lactobionate,Ondansetron hydrochloride,Compatible
Erythromycin lactobionate,Phenobarbital sodium,Not compatible
Erythromycin lactobionate,Penicillin G sodium,Not compatible
Erythromycin lactobionate,Phenytoin sodium,Not compatible
Erythromycin lactobionate,Piperacillin sodium-Tazobactam sodium,Compatible
Erythromycin lactobionate,Potassium chloride,Compatible
Erythromycin lactobionate,Potassium phosphates,No informationCa = Compatible if diluent is NaCl 0.9%Cs = Based on solubility rules in Admixture and Y-site Compatibility of Additives in Intravenous Drips
Erythromycin lactobionate,Sodium acetate,Compatible
Erythromycin lactobionate,Sodium bicarbonate,Compatible
Erythromycin lactobionate,Sulfamethoxazole-Trimethoprim,Not compatible
Erythromycin lactobionate,Vancomycin hydrochloride,Compatible
Fluconazole,Acetaminophen/Paracetamol,No informationCa = Compatible if diluent is NaCl 0.9%Cs = Based on solubility rules in Admixture and Y-site Compatibility of Additives in Intravenous Drips
Fluconazole,Acyclovir,Compatible
Fluconazole,Amikacin sulfate,Compatible
Fluconazole,Aminophylline,Compatible
Fluconazole,Amoxicillin sodium-clavulanate,No informationCa = Compatible if diluent is NaCl 0.9%Cs = Based on solubility rules in Admixture and Y-site Compatibility of Additives in Intravenous Drips
Fluconazole,Ampicillin sodium,Not compatible
Fluconazole,Ampicillin sodium-sulbactam sodium*,Compatible if NaCl 0.9% used
Fluconazole,Calcium chloride,Compatible
Fluconazole,Calcium gluconate,Not compatible
Fluconazole,Cefazolin sodium,Compatible
Fluconazole,Ceftazidime,Not compatible
Fluconazole,Ceftriaxone sodium,Not compatible
Fluconazole,Ciprofloxacin,Compatible
Fluconazole,Clindamycin phosphate,Not compatible
Fluconazole,Clonidine hydrocloride,No informationCa = Compatible if diluent is NaCl 0.9%Cs = Based on solubility rules in Admixture and Y-site Compatibility of Additives in Intravenous Drips
Fluconazole,Cloxacillin sodium,Compatible
Fluconazole,Diazepam,Not compatible
Fluconazole,Erythromycin lactobionate,Compatible
Fluconazole,Furosemide (Frusemide),Not compatible
Fluconazole,Gentamicin sulfate,Compatible
Fluconazole,Hydrocortisone sodium succinate,Compatible
Fluconazole,Ibuprofen,No informationCa = Compatible if diluent is NaCl 0.9%Cs = Based on solubility rules in Admixture and Y-site Compatibility of Additives in Intravenous Drips
Fluconazole,Ketamine HCl,No informationCa = Compatible if diluent is NaCl 0.9%Cs = Based on solubility rules in Admixture and Y-site Compatibility of Additives in Intravenous Drips
Fluconazole,Lorazepam,Compatible
Fluconazole,Levetiracetam,No informationCa = Compatible if diluent is NaCl 0.9%Cs = Based on solubility rules in Admixture and Y-site Compatibility of Additives in Intravenous Drips
Fluconazole,Magnesium sulfate,Compatible
Fluconazole,Meropenem,Compatible
Fluconazole,Methylprednisolone sodium succinate,Compatible
Fluconazole,Metronidazole,Compatible
Fluconazole,Morphine sulfate,Compatible
Fluconazole,Omeprazole sodium,No informationCa = Compatible if diluent is NaCl 0.9%Cs = Based on solubility rules in Admixture and Y-site Compatibility of Additives in Intravenous Drips
Fluconazole,Ondansetron hydrochloride,Compatible
Fluconazole,Phenobarbital sodium,Compatible
Fluconazole,Penicillin G sodium,Compatible
Fluconazole,Phenytoin sodium,Compatible
Fluconazole,Piperacillin sodium-Tazobactam sodium,Compatible
Fluconazole,Potassium chloride,Compatible
Fluconazole,Potassium phosphates,No informationCa = Compatible if diluent is NaCl 0.9%Cs = Based on solubility rules in Admixture and Y-site Compatibility of Additives in Intravenous Drips
Fluconazole,Sodium acetate,Compatible
Fluconazole,Sodium bicarbonate,Compatible
Fluconazole,Sulfamethoxazole-Trimethoprim,Not compatible
Fluconazole,Vancomycin hydrochloride,Compatible
Furosemide (Frusemide),Acetaminophen/Paracetamol,No informationCa = Compatible if diluent is NaCl 0.9%Cs = Based on solubility rules in Admixture and Y-site Compatibility of Additives in Intravenous Drips
Furosemide (Frusemide),Acyclovir,Compatible
Furosemide (Frusemide),Amikacin sulfate,Compatible
Furosemide (Frusemide),Aminophylline,Compatible
Furosemide (Frusemide),Amoxicillin sodium-clavulanate,No informationCa = Compatible if diluent is NaCl 0.9%Cs = Based on solubility rules in Admixture and Y-site Compatibility of Additives in Intravenous Drips
Furosemide (Frusemide),Ampicillin sodium,Compatible if NaCl 0.9% used
Furosemide (Frusemide),Ampicillin sodium-sulbactam sodium*,Compatible if NaCl 0.9% used
Furosemide (Frusemide),Calcium chloride,Compatible
Furosemide (Frusemide),Calcium gluconate,Compatible
Furosemide (Frusemide),Cefazolin sodium,Compatible
Furosemide (Frusemide),Ceftazidime,Compatible
Furosemide (Frusemide),Ceftriaxone sodium,Compatible
Furosemide (Frusemide),Ciprofloxacin,Not compatible
Furosemide (Frusemide),Clindamycin phosphate,Compatible
Furosemide (Frusemide),Clonidine hydrocloride,Compatible
Furosemide (Frusemide),Cloxacillin sodium,Compatible
Furosemide (Frusemide),Diazepam,Not compatible
Furosemide (Frusemide),Erythromycin lactobionate,Not compatible
Furosemide (Frusemide),Fluconazole,Not compatible
Furosemide (Frusemide),Gentamicin sulfate,Not compatible
Furosemide (Frusemide),Hydrocortisone sodium succinate,Compatible
Furosemide (Frusemide),Ibuprofen,No informationCa = Compatible if diluent is NaCl 0.9%Cs = Based on solubility rules in Admixture and Y-site Compatibility of Additives in Intravenous Drips
Furosemide (Frusemide),Ketamine HCl,Not compatible
Furosemide (Frusemide),Lorazepam,Compatible
Furosemide (Frusemide),Levetiracetam,No informationCa = Compatible if diluent is NaCl 0.9%Cs = Based on solubility rules in Admixture and Y-site Compatibility of Additives in Intravenous Drips
Furosemide (Frusemide),Magnesium sulfate,Not compatible
Furosemide (Frusemide),Meropenem,Compatible
Furosemide (Frusemide),Methylprednisolone sodium succinate,Compatible
Furosemide (Frusemide),Metronidazole,Compatible
Furosemide (Frusemide),Morphine sulfate,Not compatible
Furosemide (Frusemide),Omeprazole sodium,No informationCa = Compatible if diluent is NaCl 0.9%Cs = Based on solubility rules in Admixture and Y-site Compatibility of Additives in Intravenous Drips
Furosemide (Frusemide),Ondansetron hydrochloride,Not compatible
Furosemide (Frusemide),Phenobarbital sodium,Compatible
Furosemide (Frusemide),Penicillin G sodium,Compatible
Furosemide (Frusemide),Phenytoin sodium,Not compatible
Furosemide (Frusemide),Piperacillin sodium-Tazobactam sodium,Compatible
Furosemide (Frusemide),Potassium chloride,Compatible
Furosemide (Frusemide),Potassium phosphates,Not compatible
Furosemide (Frusemide),Sodium acetate,Compatible
Furosemide (Frusemide),Sodium bicarbonate,Compatible
Furosemide (Frusemide),Sulfamethoxazole-Trimethoprim,Not compatible
Furosemide (Frusemide),Vancomycin hydrochloride,Not compatible
Gentamicin sulfate,Acetaminophen/Paracetamol,Compatible
Gentamicin sulfate,Acyclovir,Not compatible
Gentamicin sulfate,Amikacin sulfate,Compatible
Gentamicin sulfate,Aminophylline,Compatible
Gentamicin sulfate,Amoxicillin sodium-clavulanate,No informationCa = Compatible if diluent is NaCl 0.9%Cs = Based on solubility rules in Admixture and Y-site Compatibility of Additives in Intravenous Drips
Gentamicin sulfate,Ampicillin sodium,Compatible if NaCl 0.9% used
Gentamicin sulfate,Ampicillin sodium-sulbactam sodium*,Compatible if NaCl 0.9% used
Gentamicin sulfate,Calcium chloride,Compatible
Gentamicin sulfate,Calcium gluconate,Compatible
Gentamicin sulfate,Cefazolin sodium,Compatible
Gentamicin sulfate,Ceftazidime,Compatible
Gentamicin sulfate,Ceftriaxone sodium,Compatible
Gentamicin sulfate,Ciprofloxacin,Compatible
Gentamicin sulfate,Clindamycin phosphate,Compatible
Gentamicin sulfate,Clonidine hydrocloride,No informationCa = Compatible if diluent is NaCl 0.9%Cs = Based on solubility rules in Admixture and Y-site Compatibility of Additives in Intravenous Drips
Gentamicin sulfate,Cloxacillin sodium,Not compatible
Gentamicin sulfate,Diazepam,Not compatible
Gentamicin sulfate,Erythromycin lactobionate,Compatible
Gentamicin sulfate,Fluconazole,Compatible
Gentamicin sulfate,Furosemide (Frusemide),Not compatible
Gentamicin sulfate,Hydrocortisone sodium succinate,No informationCa = Compatible if diluent is NaCl 0.9%Cs = Based on solubility rules in Admixture and Y-site Compatibility of Additives in Intravenous Drips
Gentamicin sulfate,Ibuprofen,No informationCa = Compatible if diluent is NaCl 0.9%Cs = Based on solubility rules in Admixture and Y-site Compatibility of Additives in Intravenous Drips
Gentamicin sulfate,Ketamine HCl,Compatible
Gentamicin sulfate,Lorazepam,Compatible
Gentamicin sulfate,Levetiracetam,No informationCa = Compatible if diluent is NaCl 0.9%Cs = Based on solubility rules in Admixture and Y-site Compatibility of Additives in Intravenous Drips
Gentamicin sulfate,Magnesium sulfate,Compatible
Gentamicin sulfate,Meropenem,Compatible
Gentamicin sulfate,Methylprednisolone sodium succinate,Compatible
Gentamicin sulfate,Metronidazole,Compatible
Gentamicin sulfate,Morphine sulfate,Compatible
Gentamicin sulfate,Omeprazole sodium,No informationCa = Compatible if diluent is NaCl 0.9%Cs = Based on solubility rules in Admixture and Y-site Compatibility of Additives in Intravenous Drips
Gentamicin sulfate,Ondansetron hydrochloride,Compatible
Gentamicin sulfate,Phenobarbital sodium,Compatible
Gentamicin sulfate,Penicillin G sodium,Compatible
Gentamicin sulfate,Phenytoin sodium,Not compatible
Gentamicin sulfate,Piperacillin sodium-Tazobactam sodium,No informationCa = Compatible if diluent is NaCl 0.9%Cs = Based on solubility rules in Admixture and Y-site Compatibility of Additives in Intravenous Drips
Gentamicin sulfate,Potassium chloride,Compatible
Gentamicin sulfate,Potassium phosphates,No informationCa = Compatible if diluent is NaCl 0.9%Cs = Based on solubility rules in Admixture and Y-site Compatibility of Additives in Intravenous Drips
Gentamicin sulfate,Sodium acetate,Compatible
Gentamicin sulfate,Sodium bicarbonate,Compatible
Gentamicin sulfate,Sulfamethoxazole-Trimethoprim,Not compatible
Gentamicin sulfate,Vancomycin hydrochloride,Compatible
Hydrocortisone sodium succinate,Acetaminophen/Paracetamol,Compatible
Hydrocortisone sodium succinate,Acyclovir,Compatible
Hydrocortisone sodium succinate,Amikacin sulfate,Compatible
Hydrocortisone sodium succinate,Aminophylline,Compatible
Hydrocortisone sodium succinate,Amoxicillin sodium-clavulanate,No informationCa = Compatible if diluent is NaCl 0.9%Cs = Based on solubility rules in Admixture and Y-site Compatibility of Additives in Intravenous Drips
Hydrocortisone sodium succinate,Ampicillin sodium,No informationCa = Compatible if diluent is NaCl 0.9%Cs = Based on solubility rules in Admixture and Y-site Compatibility of Additives in Intravenous Drips
Hydrocortisone sodium succinate,Ampicillin sodium-sulbactam sodium*,Not compatible
Hydrocortisone sodium succinate,Calcium chloride,Not compatible
Hydrocortisone sodium succinate,Calcium gluconate,Compatible
Hydrocortisone sodium succinate,Cefazolin sodium,Compatible
Hydrocortisone sodium succinate,Ceftazidime,Compatible
Hydrocortisone sodium succinate,Ceftriaxone sodium,Compatible
Hydrocortisone sodium succinate,Ciprofloxacin,Not compatible
Hydrocortisone sodium succinate,Clindamycin phosphate,Compatible
Hydrocortisone sodium succinate,Clonidine hydrocloride,No informationCa = Compatible if diluent is NaCl 0.9%Cs = Based on solubility rules in Admixture and Y-site Compatibility of Additives in Intravenous Drips
Hydrocortisone sodium succinate,Cloxacillin sodium,Compatible
Hydrocortisone sodium succinate,Diazepam,Not compatible
Hydrocortisone sodium succinate,Erythromycin lactobionate,Compatible
Hydrocortisone sodium succinate,Fluconazole,Compatible
Hydrocortisone sodium succinate,Furosemide (Frusemide),Compatible
Hydrocortisone sodium succinate,Gentamicin sulfate,No informationCa = Compatible if diluent is NaCl 0.9%Cs = Based on solubility rules in Admixture and Y-site Compatibility of Additives in Intravenous Drips
Hydrocortisone sodium succinate,Ibuprofen,Compatible
Hydrocortisone sodium succinate,Ketamine HCl,Compatible
Hydrocortisone sodium succinate,Lorazepam,Compatible
Hydrocortisone sodium succinate,Levetiracetam,No informationCa = Compatible if diluent is NaCl 0.9%Cs = Based on solubility rules in Admixture and Y-site Compatibility of Additives in Intravenous Drips
Hydrocortisone sodium succinate,Magnesium sulfate,Not compatible
Hydrocortisone sodium succinate,Meropenem,Compatible
Hydrocortisone sodium succinate,Methylprednisolone sodium succinate,No informationCa = Compatible if diluent is NaCl 0.9%Cs = Based on solubility rules in Admixture and Y-site Compatibility of Additives in Intravenous Drips
Hydrocortisone sodium succinate,Metronidazole,Compatible
Hydrocortisone sodium succinate,Morphine sulfate,Compatible
Hydrocortisone sodium succinate,Omeprazole sodium,No informationCa = Compatible if diluent is NaCl 0.9%Cs = Based on solubility rules in Admixture and Y-site Compatibility of Additives in Intravenous Drips
Hydrocortisone sodium succinate,Ondansetron hydrochloride,Compatible
Hydrocortisone sodium succinate,Phenobarbital sodium,Compatible
Hydrocortisone sodium succinate,Penicillin G sodium,Compatible
Hydrocortisone sodium succinate,Phenytoin sodium,Not compatible
Hydrocortisone sodium succinate,Piperacillin sodium-Tazobactam sodium,Compatible
Hydrocortisone sodium succinate,Potassium chloride,Compatible
Hydrocortisone sodium succinate,Potassium phosphates,No informationCa = Compatible if diluent is NaCl 0.9%Cs = Based on solubility rules in Admixture and Y-site Compatibility of Additives in Intravenous Drips
Hydrocortisone sodium succinate,Sodium acetate,Compatible
Hydrocortisone sodium succinate,Sodium bicarbonate,Compatible
Hydrocortisone sodium succinate,Sulfamethoxazole-Trimethoprim,Not compatible
Hydrocortisone sodium succinate,Vancomycin hydrochloride,Cb
Ibuprofen,Acetaminophen/Paracetamol,No informationCa = Compatible if diluent is NaCl 0.9%Cs = Based on solubility rules in Admixture and Y-site Compatibility of Additives in Intravenous Drips
Ibuprofen,Acyclovir,No informationCa = Compatible if diluent is NaCl 0.9%Cs = Based on solubility rules in Admixture and Y-site Compatibility of Additives in Intravenous Drips
Ibuprofen,Amikacin sulfate,No informationCa = Compatible if diluent is NaCl 0.9%Cs = Based on solubility rules in Admixture and Y-site Compatibility of Additives in Intravenous Drips
Ibuprofen,Aminophylline,No informationCa = Compatible if diluent is NaCl 0.9%Cs = Based on solubility rules in Admixture and Y-site Compatibility of Additives in Intravenous Drips
Ibuprofen,Amoxicillin sodium-clavulanate,No informationCa = Compatible if diluent is NaCl 0.9%Cs = Based on solubility rules in Admixture and Y-site Compatibility of Additives in Intravenous Drips
Ibuprofen,Ampicillin sodium,No informationCa = Compatible if diluent is NaCl 0.9%Cs = Based on solubility rules in Admixture and Y-site Compatibility of Additives in Intravenous Drips
Ibuprofen,Ampicillin sodium-sulbactam sodium*,No informationCa = Compatible if diluent is NaCl 0.9%Cs = Based on solubility rules in Admixture and Y-site Compatibility of Additives in Intravenous Drips
Ibuprofen,Calcium chloride,No informationCa = Compatible if diluent is NaCl 0.9%Cs = Based on solubility rules in Admixture and Y-site Compatibility of Additives in Intravenous Drips
Ibuprofen,Calcium gluconate,No informationCa = Compatible if diluent is NaCl 0.9%Cs = Based on solubility rules in Admixture and Y-site Compatibility of Additives in Intravenous Drips
Ibuprofen,Cefazolin sodium,No informationCa = Compatible if diluent is NaCl 0.9%Cs = Based on solubility rules in Admixture and Y-site Compatibility of Additives in Intravenous Drips
Ibuprofen,Ceftazidime,No informationCa = Compatible if diluent is NaCl 0.9%Cs = Based on solubility rules in Admixture and Y-site Compatibility of Additives in Intravenous Drips
Ibuprofen,Ceftriaxone sodium,No informationCa = Compatible if diluent is NaCl 0.9%Cs = Based on solubility rules in Admixture and Y-site Compatibility of Additives in Intravenous Drips
Ibuprofen,Ciprofloxacin,No informationCa = Compatible if diluent is NaCl 0.9%Cs = Based on solubility rules in Admixture and Y-site Compatibility of Additives in Intravenous Drips
Ibuprofen,Clindamycin phosphate,No informationCa = Compatible if diluent is NaCl 0.9%Cs = Based on solubility rules in Admixture and Y-site Compatibility of Additives in Intravenous Drips
Ibuprofen,Clonidine hydrocloride,No informationCa = Compatible if diluent is NaCl 0.9%Cs = Based on solubility rules in Admixture and Y-site Compatibility of Additives in Intravenous Drips
Ibuprofen,Cloxacillin sodium,No informationCa = Compatible if diluent is NaCl 0.9%Cs = Based on solubility rules in Admixture and Y-site Compatibility of Additives in Intravenous Drips
Ibuprofen,Diazepam,No informationCa = Compatible if diluent is NaCl 0.9%Cs = Based on solubility rules in Admixture and Y-site Compatibility of Additives in Intravenous Drips
Ibuprofen,Erythromycin lactobionate,No informationCa = Compatible if diluent is NaCl 0.9%Cs = Based on solubility rules in Admixture and Y-site Compatibility of Additives in Intravenous Drips
Ibuprofen,Fluconazole,No informationCa = Compatible if diluent is NaCl 0.9%Cs = Based on solubility rules in Admixture and Y-site Compatibility of Additives in Intravenous Drips
Ibuprofen,Furosemide (Frusemide),No informationCa = Compatible if diluent is NaCl 0.9%Cs = Based on solubility rules in Admixture and Y-site Compatibility of Additives in Intravenous Drips
Ibuprofen,Gentamicin sulfate,No informationCa = Compatible if diluent is NaCl 0.9%Cs = Based on solubility rules in Admixture and Y-site Compatibility of Additives in Intravenous Drips
Ibuprofen,Hydrocortisone sodium succinate,Compatible
Ibuprofen,Ketamine HCl,No informationCa = Compatible if diluent is NaCl 0.9%Cs = Based on solubility rules in Admixture and Y-site Compatibility of Additives in Intravenous Drips
Ibuprofen,Lorazepam,No informationCa = Compatible if diluent is NaCl 0.9%Cs = Based on solubility rules in Admixture and Y-site Compatibility of Additives in Intravenous Drips
Ibuprofen,Levetiracetam,No informationCa = Compatible if diluent is NaCl 0.9%Cs = Based on solubility rules in Admixture and Y-site Compatibility of Additives in Intravenous Drips
Ibuprofen,Magnesium sulfate,No informationCa = Compatible if diluent is NaCl 0.9%Cs = Based on solubility rules in Admixture and Y-site Compatibility of Additives in Intravenous Drips
Ibuprofen,Meropenem,No informationCa = Compatible if diluent is NaCl 0.9%Cs = Based on solubility rules in Admixture and Y-site Compatibility of Additives in Intravenous Drips
Ibuprofen,Methylprednisolone sodium succinate,No informationCa = Compatible if diluent is NaCl 0.9%Cs = Based on solubility rules in Admixture and Y-site Compatibility of Additives in Intravenous Drips
Ibuprofen,Metronidazole,No informationCa = Compatible if diluent is NaCl 0.9%Cs = Based on solubility rules in Admixture and Y-site Compatibility of Additives in Intravenous Drips
Ibuprofen,Morphine sulfate,No informationCa = Compatible if diluent is NaCl 0.9%Cs = Based on solubility rules in Admixture and Y-site Compatibility of Additives in Intravenous Drips
Ibuprofen,Omeprazole sodium,No informationCa = Compatible if diluent is NaCl 0.9%Cs = Based on solubility rules in Admixture and Y-site Compatibility of Additives in Intravenous Drips
Ibuprofen,Ondansetron hydrochloride,No informationCa = Compatible if diluent is NaCl 0.9%Cs = Based on solubility rules in Admixture and Y-site Compatibility of Additives in Intravenous Drips
Ibuprofen,Phenobarbital sodium,No informationCa = Compatible if diluent is NaCl 0.9%Cs = Based on solubility rules in Admixture and Y-site Compatibility of Additives in Intravenous Drips
Ibuprofen,Penicillin G sodium,No informationCa = Compatible if diluent is NaCl 0.9%Cs = Based on solubility rules in Admixture and Y-site Compatibility of Additives in Intravenous Drips
Ibuprofen,Phenytoin sodium,No informationCa = Compatible if diluent is NaCl 0.9%Cs = Based on solubility rules in Admixture and Y-site Compatibility of Additives in Intravenous Drips
Ibuprofen,Piperacillin sodium-Tazobactam sodium,No informationCa = Compatible if diluent is NaCl 0.9%Cs = Based on solubility rules in Admixture and Y-site Compatibility of Additives in Intravenous Drips
Ibuprofen,Potassium chloride,No informationCa = Compatible if diluent is NaCl 0.9%Cs = Based on solubility rules in Admixture and Y-site Compatibility of Additives in Intravenous Drips
Ibuprofen,Potassium phosphates,No informationCa = Compatible if diluent is NaCl 0.9%Cs = Based on solubility rules in Admixture and Y-site Compatibility of Additives in Intravenous Drips
Ibuprofen,Sodium acetate,No informationCa = Compatible if diluent is NaCl 0.9%Cs = Based on solubility rules in Admixture and Y-site Compatibility of Additives in Intravenous Drips
Ibuprofen,Sodium bicarbonate,No informationCa = Compatible if diluent is NaCl 0.9%Cs = Based on solubility rules in Admixture and Y-site Compatibility of Additives in Intravenous Drips
Ibuprofen,Sulfamethoxazole-Trimethoprim,No informationCa = Compatible if diluent is NaCl 0.9%Cs = Based on solubility rules in Admixture and Y-site Compatibility of Additives in Intravenous Drips
Ibuprofen,Vancomycin hydrochloride,No informationCa = Compatible if diluent is NaCl 0.9%Cs = Based on solubility rules in Admixture and Y-site Compatibility of Additives in Intravenous Drips
Ketamine HCl,Acetaminophen/Paracetamol,Compatible
Ketamine HCl,Acyclovir,Not compatible
Ketamine HCl,Amikacin sulfate,Compatible
Ketamine HCl,Aminophylline,Not compatible
Ketamine HCl,Amoxicillin sodium-clavulanate,No informationCa = Compatible if diluent is NaCl 0.9%Cs = Based on solubility rules in Admixture and Y-site Compatibility of Additives in Intravenous Drips
Ketamine HCl,Ampicillin sodium,Not compatible
Ketamine HCl,Ampicillin sodium-sulbactam sodium*,No informationCa = Compatible if diluent is NaCl 0.9%Cs = Based on solubility rules in Admixture and Y-site Compatibility of Additives in Intravenous Drips
Ketamine HCl,Calcium chloride,No informationCa = Compatible if diluent is NaCl 0.9%Cs = Based on solubility rules in Admixture and Y-site Compatibility of Additives in Intravenous Drips
Ketamine HCl,Calcium gluconate,Compatible
Ketamine HCl,Cefazolin sodium,Compatible
Ketamine HCl,Ceftazidime,Compatible
Ketamine HCl,Ceftriaxone sodium,No informationCa = Compatible if diluent is NaCl 0.9%Cs = Based on solubility rules in Admixture and Y-site Compatibility of Additives in Intravenous Drips
Ketamine HCl,Ciprofloxacin,No informationCa = Compatible if diluent is NaCl 0.9%Cs = Based on solubility rules in Admixture and Y-site Compatibility of Additives in Intravenous Drips
Ketamine HCl,Clindamycin phosphate,Compatible
Ketamine HCl,Clonidine hydrocloride,Compatible
Ketamine HCl,Cloxacillin sodium,Compatible
Ketamine HCl,Diazepam,Not compatible
Ketamine HCl,Erythromycin lactobionate,No informationCa = Compatible if diluent is NaCl 0.9%Cs = Based on solubility rules in Admixture and Y-site Compatibility of Additives in Intravenous Drips
Ketamine HCl,Fluconazole,No informationCa = Compatible if diluent is NaCl 0.9%Cs = Based on solubility rules in Admixture and Y-site Compatibility of Additives in Intravenous Drips
Ketamine HCl,Furosemide (Frusemide),Not compatible
Ketamine HCl,Gentamicin sulfate,Compatible
Ketamine HCl,Hydrocortisone sodium succinate,Compatible
Ketamine HCl,Ibuprofen,No informationCa = Compatible if diluent is NaCl 0.9%Cs = Based on solubility rules in Admixture and Y-site Compatibility of Additives in Intravenous Drips
Ketamine HCl,Lorazepam,Not compatible
Ketamine HCl,Levetiracetam,No informationCa = Compatible if diluent is NaCl 0.9%Cs = Based on solubility rules in Admixture and Y-site Compatibility of Additives in Intravenous Drips
Ketamine HCl,Magnesium sulfate,Compatible
Ketamine HCl,Meropenem,Not compatible
Ketamine HCl,Methylprednisolone sodium succinate,Not compatible
Ketamine HCl,Metronidazole,Compatible
Ketamine HCl,Morphine sulfate,Compatible
Ketamine HCl,Omeprazole sodium,No informationCa = Compatible if diluent is NaCl 0.9%Cs = Based on solubility rules in Admixture and Y-site Compatibility of Additives in Intravenous Drips
Ketamine HCl,Ondansetron hydrochloride,No informationCa = Compatible if diluent is NaCl 0.9%Cs = Based on solubility rules in Admixture and Y-site Compatibility of Additives in Intravenous Drips
Ketamine HCl,Phenobarbital sodium,Not compatible
Ketamine HCl,Penicillin G sodium,Compatible
Ketamine HCl,Phenytoin sodium,Not compatible
Ketamine HCl,Piperacillin sodium-Tazobactam sodium,Compatible
Ketamine HCl,Potassium chloride,Compatible
Ketamine HCl,Potassium phosphates,Not compatible
Ketamine HCl,Sodium acetate,No informationCa = Compatible if diluent is NaCl 0.9%Cs = Based on solubility rules in Admixture and Y-site Compatibility of Additives in Intravenous Drips
Ketamine HCl,Sodium bicarbonate,Not compatible
Ketamine HCl,Sulfamethoxazole-Trimethoprim,Not compatible
Ketamine HCl,Vancomycin hydrochloride,No informationCa = Compatible if diluent is NaCl 0.9%Cs = Based on solubility rules in Admixture and Y-site Compatibility of Additives in Intravenous Drips
Lorazepam,Acetaminophen/Paracetamol,Compatible
Lorazepam,Acyclovir,Compatible
Lorazepam,Amikacin sulfate,Compatible
Lorazepam,Aminophylline,Compatible
Lorazepam,Amoxicillin sodium-clavulanate,Compatible
Lorazepam,Ampicillin sodium,Not compatible
Lorazepam,Ampicillin sodium-sulbactam sodium*,Not compatible
Lorazepam,Calcium chloride,Compatible
Lorazepam,Calcium gluconate,Compatible
Lorazepam,Cefazolin sodium,Compatible
Lorazepam,Ceftazidime,Compatible
Lorazepam,Ceftriaxone sodium,Compatible
Lorazepam,Ciprofloxacin,Compatible
Lorazepam,Clindamycin phosphate,Compatible
Lorazepam,Clonidine hydrocloride,Compatible
Lorazepam,Cloxacillin sodium,Not compatible
Lorazepam,Diazepam,No informationCa = Compatible if diluent is NaCl 0.9%Cs = Based on solubility rules in Admixture and Y-site Compatibility of Additives in Intravenous Drips
Lorazepam,Erythromycin lactobionate,Compatible
Lorazepam,Fluconazole,Compatible
Lorazepam,Furosemide (Frusemide),Compatible
Lorazepam,Gentamicin sulfate,Compatible
Lorazepam,Hydrocortisone sodium succinate,Compatible
Lorazepam,Ibuprofen,No informationCa = Compatible if diluent is NaCl 0.9%Cs = Based on solubility rules in Admixture and Y-site Compatibility of Additives in Intravenous Drips
Lorazepam,Ketamine HCl,Not compatible
Lorazepam,Levetiracetam,Compatible
Lorazepam,Magnesium sulfate,Compatible
Lorazepam,Meropenem,Compatible
Lorazepam,Methylprednisolone sodium succinate,Compatible
Lorazepam,Metronidazole,Compatible
Lorazepam,Morphine sulfate,Compatible
Lorazepam,Omeprazole sodium,Not compatible
Lorazepam,Ondansetron hydrochloride,Not compatible
Lorazepam,Phenobarbital sodium,Compatible
Lorazepam,Penicillin G sodium,No informationCa = Compatible if diluent is NaCl 0.9%Cs = Based on solubility rules in Admixture and Y-site Compatibility of Additives in Intravenous Drips
Lorazepam,Phenytoin sodium,Not compatible
Lorazepam,Piperacillin sodium-Tazobactam sodium,Compatible
Lorazepam,Potassium chloride,Compatible
Lorazepam,Potassium phosphates,Not compatible
Lorazepam,Sodium acetate,Compatible
Lorazepam,Sodium bicarbonate,Compatible
Lorazepam,Sulfamethoxazole-Trimethoprim,Compatible
Lorazepam,Vancomycin hydrochloride,Compatible
Levetiracetam,Acetaminophen/Paracetamol,No informationCa = Compatible if diluent is NaCl 0.9%Cs = Based on solubility rules in Admixture and Y-site Compatibility of Additives in Intravenous Drips
Levetiracetam,Acyclovir,No informationCa = Compatible if diluent is NaCl 0.9%Cs = Based on solubility rules in Admixture and Y-site Compatibility of Additives in Intravenous Drips
Levetiracetam,Amikacin sulfate,No informationCa = Compatible if diluent is NaCl 0.9%Cs = Based on solubility rules in Admixture and Y-site Compatibility of Additives in Intravenous Drips
Levetiracetam,Aminophylline,No informationCa = Compatible if diluent is NaCl 0.9%Cs = Based on solubility rules in Admixture and Y-site Compatibility of Additives in Intravenous Drips
Levetiracetam,Amoxicillin sodium-clavulanate,No informationCa = Compatible if diluent is NaCl 0.9%Cs = Based on solubility rules in Admixture and Y-site Compatibility of Additives in Intravenous Drips
Levetiracetam,Ampicillin sodium,No informationCa = Compatible if diluent is NaCl 0.9%Cs = Based on solubility rules in Admixture and Y-site Compatibility of Additives in Intravenous Drips
Levetiracetam,Ampicillin sodium-sulbactam sodium*,No informationCa = Compatible if diluent is NaCl 0.9%Cs = Based on solubility rules in Admixture and Y-site Compatibility of Additives in Intravenous Drips
Levetiracetam,Calcium chloride,No informationCa = Compatible if diluent is NaCl 0.9%Cs = Based on solubility rules in Admixture and Y-site Compatibility of Additives in Intravenous Drips
Levetiracetam,Calcium gluconate,No informationCa = Compatible if diluent is NaCl 0.9%Cs = Based on solubility rules in Admixture and Y-site Compatibility of Additives in Intravenous Drips
Levetiracetam,Cefazolin sodium,No informationCa = Compatible if diluent is NaCl 0.9%Cs = Based on solubility rules in Admixture and Y-site Compatibility of Additives in Intravenous Drips
Levetiracetam,Ceftazidime,No informationCa = Compatible if diluent is NaCl 0.9%Cs = Based on solubility rules in Admixture and Y-site Compatibility of Additives in Intravenous Drips
Levetiracetam,Ceftriaxone sodium,No informationCa = Compatible if diluent is NaCl 0.9%Cs = Based on solubility rules in Admixture and Y-site Compatibility of Additives in Intravenous Drips
Levetiracetam,Ciprofloxacin,No informationCa = Compatible if diluent is NaCl 0.9%Cs = Based on solubility rules in Admixture and Y-site Compatibility of Additives in Intravenous Drips
Levetiracetam,Clindamycin phosphate,No informationCa = Compatible if diluent is NaCl 0.9%Cs = Based on solubility rules in Admixture and Y-site Compatibility of Additives in Intravenous Drips
Levetiracetam,Clonidine hydrocloride,No informationCa = Compatible if diluent is NaCl 0.9%Cs = Based on solubility rules in Admixture and Y-site Compatibility of Additives in Intravenous Drips
Levetiracetam,Cloxacillin sodium,No informationCa = Compatible if diluent is NaCl 0.9%Cs = Based on solubility rules in Admixture and Y-site Compatibility of Additives in Intravenous Drips
Levetiracetam,Diazepam,Compatible
Levetiracetam,Erythromycin lactobionate,No informationCa = Compatible if diluent is NaCl 0.9%Cs = Based on solubility rules in Admixture and Y-site Compatibility of Additives in Intravenous Drips
Levetiracetam,Fluconazole,No informationCa = Compatible if diluent is NaCl 0.9%Cs = Based on solubility rules in Admixture and Y-site Compatibility of Additives in Intravenous Drips
Levetiracetam,Furosemide (Frusemide),No informationCa = Compatible if diluent is NaCl 0.9%Cs = Based on solubility rules in Admixture and Y-site Compatibility of Additives in Intravenous Drips
Levetiracetam,Gentamicin sulfate,No informationCa = Compatible if diluent is NaCl 0.9%Cs = Based on solubility rules in Admixture and Y-site Compatibility of Additives in Intravenous Drips
Levetiracetam,Hydrocortisone sodium succinate,No informationCa = Compatible if diluent is NaCl 0.9%Cs = Based on solubility rules in Admixture and Y-site Compatibility of Additives in Intravenous Drips
Levetiracetam,Ibuprofen,No informationCa = Compatible if diluent is NaCl 0.9%Cs = Based on solubility rules in Admixture and Y-site Compatibility of Additives in Intravenous Drips
Levetiracetam,Ketamine HCl,No informationCa = Compatible if diluent is NaCl 0.9%Cs = Based on solubility rules in Admixture and Y-site Compatibility of Additives in Intravenous Drips
Levetiracetam,Lorazepam,Compatible
Levetiracetam,Magnesium sulfate,No informationCa = Compatible if diluent is NaCl 0.9%Cs = Based on solubility rules in Admixture and Y-site Compatibility of Additives in Intravenous Drips
Levetiracetam,Meropenem,No informationCa = Compatible if diluent is NaCl 0.9%Cs = Based on solubility rules in Admixture and Y-site Compatibility of Additives in Intravenous Drips
Levetiracetam,Methylprednisolone sodium succinate,No informationCa = Compatible if diluent is NaCl 0.9%Cs = Based on solubility rules in Admixture and Y-site Compatibility of Additives in Intravenous Drips
Levetiracetam,Metronidazole,No informationCa = Compatible if diluent is NaCl 0.9%Cs = Based on solubility rules in Admixture and Y-site Compatibility of Additives in Intravenous Drips
Levetiracetam,Morphine sulfate,No informationCa = Compatible if diluent is NaCl 0.9%Cs = Based on solubility rules in Admixture and Y-site Compatibility of Additives in Intravenous Drips
Levetiracetam,Omeprazole sodium,No informationCa = Compatible if diluent is NaCl 0.9%Cs = Based on solubility rules in Admixture and Y-site Compatibility of Additives in Intravenous Drips
Levetiracetam,Ondansetron hydrochloride,No informationCa = Compatible if diluent is NaCl 0.9%Cs = Based on solubility rules in Admixture and Y-site Compatibility of Additives in Intravenous Drips
Levetiracetam,Phenobarbital sodium,No informationCa = Compatible if diluent is NaCl 0.9%Cs = Based on solubility rules in Admixture and Y-site Compatibility of Additives in Intravenous Drips
Levetiracetam,Penicillin G sodium,No informationCa = Compatible if diluent is NaCl 0.9%Cs = Based on solubility rules in Admixture and Y-site Compatibility of Additives in Intravenous Drips
Levetiracetam,Phenytoin sodium,No informationCa = Compatible if diluent is NaCl 0.9%Cs = Based on solubility rules in Admixture and Y-site Compatibility of Additives in Intravenous Drips
Levetiracetam,Piperacillin sodium-Tazobactam sodium,Not compatible
Levetiracetam,Potassium chloride,No informationCa = Compatible if diluent is NaCl 0.9%Cs = Based on solubility rules in Admixture and Y-site Compatibility of Additives in Intravenous Drips
Levetiracetam,Potassium phosphates,No informationCa = Compatible if diluent is NaCl 0.9%Cs = Based on solubility rules in Admixture and Y-site Compatibility of Additives in Intravenous Drips
Levetiracetam,Sodium acetate,No informationCa = Compatible if diluent is NaCl 0.9%Cs = Based on solubility rules in Admixture and Y-site Compatibility of Additives in Intravenous Drips
Levetiracetam,Sodium bicarbonate,No informationCa = Compatible if diluent is NaCl 0.9%Cs = Based on solubility rules in Admixture and Y-site Compatibility of Additives in Intravenous Drips
Levetiracetam,Sulfamethoxazole-Trimethoprim,No informationCa = Compatible if diluent is NaCl 0.9%Cs = Based on solubility rules in Admixture and Y-site Compatibility of Additives in Intravenous Drips
Levetiracetam,Vancomycin hydrochloride,Compatible
Magnesium sulfate,Acetaminophen/Paracetamol,Compatible
Magnesium sulfate,Acyclovir,Compatible
Magnesium sulfate,Amikacin sulfate,Compatible
Magnesium sulfate,Aminophylline,Not compatible
Magnesium sulfate,Amoxicillin sodium-clavulanate,No informationCa = Compatible if diluent is NaCl 0.9%Cs = Based on solubility rules in Admixture and Y-site Compatibility of Additives in Intravenous Drips
Magnesium sulfate,Ampicillin sodium,Compatible if NaCl 0.9% used
Magnesium sulfate,Ampicillin sodium-sulbactam sodium*,Compatible if NaCl 0.9% used
Magnesium sulfate,Calcium chloride,Not compatible
Magnesium sulfate,Calcium gluconate,Compatible
Magnesium sulfate,Cefazolin sodium,No informationCa = Compatible if diluent is NaCl 0.9%Cs = Based on solubility rules in Admixture and Y-site Compatibility of Additives in Intravenous Drips
Magnesium sulfate,Ceftazidime,Compatible
Magnesium sulfate,Ceftriaxone sodium,Not compatible
Magnesium sulfate,Ciprofloxacin,Not compatible
Magnesium sulfate,Clindamycin phosphate,Compatible
Magnesium sulfate,Clonidine hydrocloride,Compatible
Magnesium sulfate,Cloxacillin sodium,Compatible
Magnesium sulfate,Diazepam,Not compatible
Magnesium sulfate,Erythromycin lactobionate,No informationCa = Compatible if diluent is NaCl 0.9%Cs = Based on solubility rules in Admixture and Y-site Compatibility of Additives in Intravenous Drips
Magnesium sulfate,Fluconazole,Compatible
Magnesium sulfate,Furosemide (Frusemide),Not compatible
Magnesium sulfate,Gentamicin sulfate,Compatible
Magnesium sulfate,Hydrocortisone sodium succinate,Not compatible
Magnesium sulfate,Ibuprofen,No informationCa = Compatible if diluent is NaCl 0.9%Cs = Based on solubility rules in Admixture and Y-site Compatibility of Additives in Intravenous Drips
Magnesium sulfate,Ketamine HCl,Compatible
Magnesium sulfate,Lorazepam,Compatible
Magnesium sulfate,Levetiracetam,No informationCa = Compatible if diluent is NaCl 0.9%Cs = Based on solubility rules in Admixture and Y-site Compatibility of Additives in Intravenous Drips
Magnesium sulfate,Meropenem,Compatible
Magnesium sulfate,Methylprednisolone sodium succinate,Not compatible
Magnesium sulfate,Metronidazole,Compatible
Magnesium sulfate,Morphine sulfate,Compatible
Magnesium sulfate,Omeprazole sodium,No informationCa = Compatible if diluent is NaCl 0.9%Cs = Based on solubility rules in Admixture and Y-site Compatibility of Additives in Intravenous Drips
Magnesium sulfate,Ondansetron hydrochloride,Compatible
Magnesium sulfate,Phenobarbital sodium,Compatible
Magnesium sulfate,Penicillin G sodium,Compatible
Magnesium sulfate,Phenytoin sodium,Not compatible
Magnesium sulfate,Piperacillin sodium-Tazobactam sodium,Compatible
Magnesium sulfate,Potassium chloride,Compatible
Magnesium sulfate,Potassium phosphates,Cs
Magnesium sulfate,Sodium acetate,Compatible
Magnesium sulfate,Sodium bicarbonate,Compatible
Magnesium sulfate,Sulfamethoxazole-Trimethoprim,No informationCa = Compatible if diluent is NaCl 0.9%Cs = Based on solubility rules in Admixture and Y-site Compatibility of Additives in Intravenous Drips
Magnesium sulfate,Vancomycin hydrochloride,Compatible
Meropenem,Acetaminophen/Paracetamol,No informationCa = Compatible if diluent is NaCl 0.9%Cs = Based on solubility rules in Admixture and Y-site Compatibility of Additives in Intravenous Drips
Meropenem,Acyclovir,Not compatible
Meropenem,Amikacin sulfate,Compatible
Meropenem,Aminophylline,Compatible
Meropenem,Amoxicillin sodium-clavulanate,No informationCa = Compatible if diluent is NaCl 0.9%Cs = Based on solubility rules in Admixture and Y-site Compatibility of Additives in Intravenous Drips
Meropenem,Ampicillin sodium,Compatible if NaCl 0.9% used
Meropenem,Ampicillin sodium-sulbactam sodium*,No informationCa = Compatible if diluent is NaCl 0.9%Cs = Based on solubility rules in Admixture and Y-site Compatibility of Additives in Intravenous Drips
Meropenem,Calcium chloride,Compatible
Meropenem,Calcium gluconate,Not compatible
Meropenem,Cefazolin sodium,Compatible
Meropenem,Ceftazidime,Compatible
Meropenem,Ceftriaxone sodium,Compatible
Meropenem,Ciprofloxacin,Not compatible
Meropenem,Clindamycin phosphate,Compatible
Meropenem,Clonidine hydrocloride,No informationCa = Compatible if diluent is NaCl 0.9%Cs = Based on solubility rules in Admixture and Y-site Compatibility of Additives in Intravenous Drips
Meropenem,Cloxacillin sodium,Compatible
Meropenem,Diazepam,Not compatible
Meropenem,Erythromycin lactobionate,Compatible
Meropenem,Fluconazole,Compatible
Meropenem,Furosemide (Frusemide),Compatible
Meropenem,Gentamicin sulfate,Compatible
Meropenem,Hydrocortisone sodium succinate,Compatible
Meropenem,Ibuprofen,No informationCa = Compatible if diluent is NaCl 0.9%Cs = Based on solubility rules in Admixture and Y-site Compatibility of Additives in Intravenous Drips
Meropenem,Ketamine HCl,Not compatible
Meropenem,Lorazepam,Compatible
Meropenem,Levetiracetam,No informationCa = Compatible if diluent is NaCl 0.9%Cs = Based on solubility rules in Admixture and Y-site Compatibility of Additives in Intravenous Drips
Meropenem,Magnesium sulfate,Compatible
Meropenem,Methylprednisolone sodium succinate,Compatible
Meropenem,Metronidazole,Compatible
Meropenem,Morphine sulfate,Compatible
Meropenem,Omeprazole sodium,No informationCa = Compatible if diluent is NaCl 0.9%Cs = Based on solubility rules in Admixture and Y-site Compatibility of Additives in Intravenous Drips
Meropenem,Ondansetron hydrochloride,Not compatible
Meropenem,Phenobarbital sodium,Compatible
Meropenem,Penicillin G sodium,Compatible
Meropenem,Phenytoin sodium,Not compatible
Meropenem,Piperacillin sodium-Tazobactam sodium,Compatible
Meropenem,Potassium chloride,Compatible
Meropenem,Potassium phosphates,Compatible
Meropenem,Sodium acetate,No informationCa = Compatible if diluent is NaCl 0.9%Cs = Based on solubility rules in Admixture and Y-site Compatibility of Additives in Intravenous Drips
Meropenem,Sodium bicarbonate,Compatible
Meropenem,Sulfamethoxazole-Trimethoprim,Compatible
Meropenem,Vancomycin hydrochloride,Compatible
Methylprednisolone sodium succinate,Acetaminophen/Paracetamol,Compatible
Methylprednisolone sodium succinate,Acyclovir,Compatible
Methylprednisolone sodium succinate,Amikacin sulfate,Compatible
Methylprednisolone sodium succinate,Aminophylline,Compatible
Methylprednisolone sodium succinate,Amoxicillin sodium-clavulanate,No informationCa = Compatible if diluent is NaCl 0.9%Cs = Based on solubility rules in Admixture and Y-site Compatibility of Additives in Intravenous Drips
Methylprednisolone sodium succinate,Ampicillin sodium,Not compatible
Methylprednisolone sodium succinate,Ampicillin sodium-sulbactam sodium*,Not compatible
Methylprednisolone sodium succinate,Calcium chloride,Not compatible
Methylprednisolone sodium succinate,Calcium gluconate,Not compatible
Methylprednisolone sodium succinate,Cefazolin sodium,Compatible
Methylprednisolone sodium succinate,Ceftazidime,Compatible
Methylprednisolone sodium succinate,Ceftriaxone sodium,Compatible
Methylprednisolone sodium succinate,Ciprofloxacin,Not compatible
Methylprednisolone sodium succinate,Clindamycin phosphate,Compatible
Methylprednisolone sodium succinate,Clonidine hydrocloride,No informationCa = Compatible if diluent is NaCl 0.9%Cs = Based on solubility rules in Admixture and Y-site Compatibility of Additives in Intravenous Drips
Methylprednisolone sodium succinate,Cloxacillin sodium,Compatible
Methylprednisolone sodium succinate,Diazepam,Not compatible
Methylprednisolone sodium succinate,Erythromycin lactobionate,Compatible
Methylprednisolone sodium succinate,Fluconazole,Compatible
Methylprednisolone sodium succinate,Furosemide (Frusemide),Compatible
Methylprednisolone sodium succinate,Gentamicin sulfate,Compatible
Methylprednisolone sodium succinate,Hydrocortisone sodium succinate,No informationCa = Compatible if diluent is NaCl 0.9%Cs = Based on solubility rules in Admixture and Y-site Compatibility of Additives in Intravenous Drips
Methylprednisolone sodium succinate,Ibuprofen,No informationCa = Compatible if diluent is NaCl 0.9%Cs = Based on solubility rules in Admixture and Y-site Compatibility of Additives in Intravenous Drips
Methylprednisolone sodium succinate,Ketamine HCl,Not compatible
Methylprednisolone sodium succinate,Lorazepam,Compatible
Methylprednisolone sodium succinate,Levetiracetam,No informationCa = Compatible if diluent is NaCl 0.9%Cs = Based on solubility rules in Admixture and Y-site Compatibility of Additives in Intravenous Drips
Methylprednisolone sodium succinate,Magnesium sulfate,Not compatible
Methylprednisolone sodium succinate,Meropenem,Compatible
Methylprednisolone sodium succinate,Metronidazole,Compatible
Methylprednisolone sodium succinate,Morphine sulfate,Compatible
Methylprednisolone sodium succinate,Omeprazole sodium,No informationCa = Compatible if diluent is NaCl 0.9%Cs = Based on solubility rules in Admixture and Y-site Compatibility of Additives in Intravenous Drips
Methylprednisolone sodium succinate,Ondansetron hydrochloride,Not compatible
Methylprednisolone sodium succinate,Phenobarbital sodium,Compatible
Methylprednisolone sodium succinate,Penicillin G sodium,Compatible
Methylprednisolone sodium succinate,Phenytoin sodium,Not compatible
Methylprednisolone sodium succinate,Piperacillin sodium-Tazobactam sodium,Compatible
Methylprednisolone sodium succinate,Potassium chloride,Compatible
Methylprednisolone sodium succinate,Potassium phosphates,No informationCa = Compatible if diluent is NaCl 0.9%Cs = Based on solubility rules in Admixture and Y-site Compatibility of Additives in Intravenous Drips
Methylprednisolone sodium succinate,Sodium acetate,Compatible
Methylprednisolone sodium succinate,Sodium bicarbonate,Compatible
Methylprednisolone sodium succinate,Sulfamethoxazole-Trimethoprim,Not compatible
Methylprednisolone sodium succinate,Vancomycin hydrochloride,Not compatible
Metronidazole,Acetaminophen/Paracetamol,Not compatible
Metronidazole,Acyclovir,Compatible
Metronidazole,Amikacin sulfate,Compatible
Metronidazole,Aminophylline,Compatible
Metronidazole,Amoxicillin sodium-clavulanate,No informationCa = Compatible if diluent is NaCl 0.9%Cs = Based on solubility rules in Admixture and Y-site Compatibility of Additives in Intravenous Drips
Metronidazole,Ampicillin sodium,Compatible
Metronidazole,Ampicillin sodium-sulbactam sodium*,Compatible
Metronidazole,Calcium chloride,Compatible
Metronidazole,Calcium gluconate,Compatible
Metronidazole,Cefazolin sodium,Compatible
Metronidazole,Ceftazidime,Compatible
Metronidazole,Ceftriaxone sodium,Compatible
Metronidazole,Ciprofloxacin,Compatible
Metronidazole,Clindamycin phosphate,Compatible
Metronidazole,Clonidine hydrocloride,No informationCa = Compatible if diluent is NaCl 0.9%Cs = Based on solubility rules in Admixture and Y-site Compatibility of Additives in Intravenous Drips
Metronidazole,Cloxacillin sodium,Compatible
Metronidazole,Diazepam,Not compatible
Metronidazole,Erythromycin lactobionate,Compatible
Metronidazole,Fluconazole,Compatible
Metronidazole,Furosemide (Frusemide),Compatible
Metronidazole,Gentamicin sulfate,Compatible
Metronidazole,Hydrocortisone sodium succinate,Compatible
Metronidazole,Ibuprofen,No informationCa = Compatible if diluent is NaCl 0.9%Cs = Based on solubility rules in Admixture and Y-site Compatibility of Additives in Intravenous Drips
Metronidazole,Ketamine HCl,Compatible
Metronidazole,Lorazepam,Compatible
Metronidazole,Levetiracetam,No informationCa = Compatible if diluent is NaCl 0.9%Cs = Based on solubility rules in Admixture and Y-site Compatibility of Additives in Intravenous Drips
Metronidazole,Magnesium sulfate,Compatible
Metronidazole,Meropenem,Compatible
Metronidazole,Methylprednisolone sodium succinate,Compatible
Metronidazole,Morphine sulfate,Compatible
Metronidazole,Omeprazole sodium,No informationCa = Compatible if diluent is NaCl 0.9%Cs = Based on solubility rules in Admixture and Y-site Compatibility of Additives in Intravenous Drips
Metronidazole,Ondansetron hydrochloride,Compatible
Metronidazole,Phenobarbital sodium,Compatible
Metronidazole,Penicillin G sodium,No informationCa = Compatible if diluent is NaCl 0.9%Cs = Based on solubility rules in Admixture and Y-site Compatibility of Additives in Intravenous Drips
Metronidazole,Phenytoin sodium,Not compatible
Metronidazole,Piperacillin sodium-Tazobactam sodium,Compatible
Metronidazole,Potassium chloride,Compatible
Metronidazole,Potassium phosphates,Compatible
Metronidazole,Sodium acetate,Compatible
Metronidazole,Sodium bicarbonate,Compatible
Metronidazole,Sulfamethoxazole-Trimethoprim,Compatible
Metronidazole,Vancomycin hydrochloride,Compatible
Morphine sulfate,Acetaminophen/Paracetamol,Compatible
Morphine sulfate,Acyclovir,Not compatible
Morphine sulfate,Amikacin sulfate,Compatible
Morphine sulfate,Aminophylline,Compatible
Morphine sulfate,Amoxicillin sodium-clavulanate,No informationCa = Compatible if diluent is NaCl 0.9%Cs = Based on solubility rules in Admixture and Y-site Compatibility of Additives in Intravenous Drips
Morphine sulfate,Ampicillin sodium,Compatible if NaCl 0.9% used
Morphine sulfate,Ampicillin sodium-sulbactam sodium*,Compatible if NaCl 0.9% used
Morphine sulfate,Calcium chloride,Compatible
Morphine sulfate,Calcium gluconate,Compatible
Morphine sulfate,Cefazolin sodium,Compatible
Morphine sulfate,Ceftazidime,Compatible
Morphine sulfate,Ceftriaxone sodium,Compatible
Morphine sulfate,Ciprofloxacin,Compatible if NaCl 0.9% used
Morphine sulfate,Clindamycin phosphate,Compatible
Morphine sulfate,Clonidine hydrocloride,Compatible
Morphine sulfate,Cloxacillin sodium,Not compatible
Morphine sulfate,Diazepam,Not compatible
Morphine sulfate,Erythromycin lactobionate,Compatible
Morphine sulfate,Fluconazole,Compatible
Morphine sulfate,Furosemide (Frusemide),Not compatible
Morphine sulfate,Gentamicin sulfate,Compatible
Morphine sulfate,Hydrocortisone sodium succinate,Compatible
Morphine sulfate,Ibuprofen,No informationCa = Compatible if diluent is NaCl 0.9%Cs = Based on solubility rules in Admixture and Y-site Compatibility of Additives in Intravenous Drips
Morphine sulfate,Ketamine HCl,Compatible
Morphine sulfate,Lorazepam,Compatible
Morphine sulfate,Levetiracetam,No informationCa = Compatible if diluent is NaCl 0.9%Cs = Based on solubility rules in Admixture and Y-site Compatibility of Additives in Intravenous Drips
Morphine sulfate,Magnesium sulfate,Compatible
Morphine sulfate,Meropenem,Compatible
Morphine sulfate,Methylprednisolone sodium succinate,Compatible
Morphine sulfate,Metronidazole,Compatible
Morphine sulfate,Omeprazole sodium,Compatible if NaCl 0.9% used
Morphine sulfate,Ondansetron hydrochloride,Compatible
Morphine sulfate,Phenobarbital sodium,Compatible
Morphine sulfate,Penicillin G sodium,Compatible
Morphine sulfate,Phenytoin sodium,Not compatible
Morphine sulfate,Piperacillin sodium-Tazobactam sodium,Compatible
Morphine sulfate,Potassium chloride,Compatible
Morphine sulfate,Potassium phosphates,Compatible if NaCl 0.9% used
Morphine sulfate,Sodium acetate,Compatible
Morphine sulfate,Sodium bicarbonate,Compatible
Morphine sulfate,Sulfamethoxazole-Trimethoprim,Cb
Morphine sulfate,Vancomycin hydrochloride,Compatible
Omeprazole sodium,Acetaminophen/Paracetamol,No informationCa = Compatible if diluent is NaCl 0.9%Cs = Based on solubility rules in Admixture and Y-site Compatibility of Additives in Intravenous Drips
Omeprazole sodium,Acyclovir,No informationCa = Compatible if diluent is NaCl 0.9%Cs = Based on solubility rules in Admixture and Y-site Compatibility of Additives in Intravenous Drips
Omeprazole sodium,Amikacin sulfate,No informationCa = Compatible if diluent is NaCl 0.9%Cs = Based on solubility rules in Admixture and Y-site Compatibility of Additives in Intravenous Drips
Omeprazole sodium,Aminophylline,No informationCa = Compatible if diluent is NaCl 0.9%Cs = Based on solubility rules in Admixture and Y-site Compatibility of Additives in Intravenous Drips
Omeprazole sodium,Amoxicillin sodium-clavulanate,No informationCa = Compatible if diluent is NaCl 0.9%Cs = Based on solubility rules in Admixture and Y-site Compatibility of Additives in Intravenous Drips
Omeprazole sodium,Ampicillin sodium,No informationCa = Compatible if diluent is NaCl 0.9%Cs = Based on solubility rules in Admixture and Y-site Compatibility of Additives in Intravenous Drips
Omeprazole sodium,Ampicillin sodium-sulbactam sodium*,No informationCa = Compatible if diluent is NaCl 0.9%Cs = Based on solubility rules in Admixture and Y-site Compatibility of Additives in Intravenous Drips
Omeprazole sodium,Calcium chloride,No informationCa = Compatible if diluent is NaCl 0.9%Cs = Based on solubility rules in Admixture and Y-site Compatibility of Additives in Intravenous Drips
Omeprazole sodium,Calcium gluconate,No informationCa = Compatible if diluent is NaCl 0.9%Cs = Based on solubility rules in Admixture and Y-site Compatibility of Additives in Intravenous Drips
Omeprazole sodium,Cefazolin sodium,No informationCa = Compatible if diluent is NaCl 0.9%Cs = Based on solubility rules in Admixture and Y-site Compatibility of Additives in Intravenous Drips
Omeprazole sodium,Ceftazidime,No informationCa = Compatible if diluent is NaCl 0.9%Cs = Based on solubility rules in Admixture and Y-site Compatibility of Additives in Intravenous Drips
Omeprazole sodium,Ceftriaxone sodium,No informationCa = Compatible if diluent is NaCl 0.9%Cs = Based on solubility rules in Admixture and Y-site Compatibility of Additives in Intravenous Drips
Omeprazole sodium,Ciprofloxacin,No informationCa = Compatible if diluent is NaCl 0.9%Cs = Based on solubility rules in Admixture and Y-site Compatibility of Additives in Intravenous Drips
Omeprazole sodium,Clindamycin phosphate,No informationCa = Compatible if diluent is NaCl 0.9%Cs = Based on solubility rules in Admixture and Y-site Compatibility of Additives in Intravenous Drips
Omeprazole sodium,Clonidine hydrocloride,No informationCa = Compatible if diluent is NaCl 0.9%Cs = Based on solubility rules in Admixture and Y-site Compatibility of Additives in Intravenous Drips
Omeprazole sodium,Cloxacillin sodium,No informationCa = Compatible if diluent is NaCl 0.9%Cs = Based on solubility rules in Admixture and Y-site Compatibility of Additives in Intravenous Drips
Omeprazole sodium,Diazepam,No informationCa = Compatible if diluent is NaCl 0.9%Cs = Based on solubility rules in Admixture and Y-site Compatibility of Additives in Intravenous Drips
Omeprazole sodium,Erythromycin lactobionate,No informationCa = Compatible if diluent is NaCl 0.9%Cs = Based on solubility rules in Admixture and Y-site Compatibility of Additives in Intravenous Drips
Omeprazole sodium,Fluconazole,No informationCa = Compatible if diluent is NaCl 0.9%Cs = Based on solubility rules in Admixture and Y-site Compatibility of Additives in Intravenous Drips
Omeprazole sodium,Furosemide (Frusemide),No informationCa = Compatible if diluent is NaCl 0.9%Cs = Based on solubility rules in Admixture and Y-site Compatibility of Additives in Intravenous Drips
Omeprazole sodium,Gentamicin sulfate,No informationCa = Compatible if diluent is NaCl 0.9%Cs = Based on solubility rules in Admixture and Y-site Compatibility of Additives in Intravenous Drips
Omeprazole sodium,Hydrocortisone sodium succinate,No informationCa = Compatible if diluent is NaCl 0.9%Cs = Based on solubility rules in Admixture and Y-site Compatibility of Additives in Intravenous Drips
Omeprazole sodium,Ibuprofen,No informationCa = Compatible if diluent is NaCl 0.9%Cs = Based on solubility rules in Admixture and Y-site Compatibility of Additives in Intravenous Drips
Omeprazole sodium,Ketamine HCl,No informationCa = Compatible if diluent is NaCl 0.9%Cs = Based on solubility rules in Admixture and Y-site Compatibility of Additives in Intravenous Drips
Omeprazole sodium,Lorazepam,Not compatible
Omeprazole sodium,Levetiracetam,No informationCa = Compatible if diluent is NaCl 0.9%Cs = Based on solubility rules in Admixture and Y-site Compatibility of Additives in Intravenous Drips
Omeprazole sodium,Magnesium sulfate,No informationCa = Compatible if diluent is NaCl 0.9%Cs = Based on solubility rules in Admixture and Y-site Compatibility of Additives in Intravenous Drips
Omeprazole sodium,Meropenem,No informationCa = Compatible if diluent is NaCl 0.9%Cs = Based on solubility rules in Admixture and Y-site Compatibility of Additives in Intravenous Drips
Omeprazole sodium,Methylprednisolone sodium succinate,No informationCa = Compatible if diluent is NaCl 0.9%Cs = Based on solubility rules in Admixture and Y-site Compatibility of Additives in Intravenous Drips
Omeprazole sodium,Metronidazole,No informationCa = Compatible if diluent is NaCl 0.9%Cs = Based on solubility rules in Admixture and Y-site Compatibility of Additives in Intravenous Drips
Omeprazole sodium,Morphine sulfate,Compatible if NaCl 0.9% used
Omeprazole sodium,Ondansetron hydrochloride,No informationCa = Compatible if diluent is NaCl 0.9%Cs = Based on solubility rules in Admixture and Y-site Compatibility of Additives in Intravenous Drips
Omeprazole sodium,Phenobarbital sodium,No informationCa = Compatible if diluent is NaCl 0.9%Cs = Based on solubility rules in Admixture and Y-site Compatibility of Additives in Intravenous Drips
Omeprazole sodium,Penicillin G sodium,No informationCa = Compatible if diluent is NaCl 0.9%Cs = Based on solubility rules in Admixture and Y-site Compatibility of Additives in Intravenous Drips
Omeprazole sodium,Phenytoin sodium,No informationCa = Compatible if diluent is NaCl 0.9%Cs = Based on solubility rules in Admixture and Y-site Compatibility of Additives in Intravenous Drips
Omeprazole sodium,Piperacillin sodium-Tazobactam sodium,No informationCa = Compatible if diluent is NaCl 0.9%Cs = Based on solubility rules in Admixture and Y-site Compatibility of Additives in Intravenous Drips
Omeprazole sodium,Potassium chloride,No informationCa = Compatible if diluent is NaCl 0.9%Cs = Based on solubility rules in Admixture and Y-site Compatibility of Additives in Intravenous Drips
Omeprazole sodium,Potassium phosphates,No informationCa = Compatible if diluent is NaCl 0.9%Cs = Based on solubility rules in Admixture and Y-site Compatibility of Additives in Intravenous Drips
Omeprazole sodium,Sodium acetate,No informationCa = Compatible if diluent is NaCl 0.9%Cs = Based on solubility rules in Admixture and Y-site Compatibility of Additives in Intravenous Drips
Omeprazole sodium,Sodium bicarbonate,No informationCa = Compatible if diluent is NaCl 0.9%Cs = Based on solubility rules in Admixture and Y-site Compatibility of Additives in Intravenous Drips
Omeprazole sodium,Sulfamethoxazole-Trimethoprim,No informationCa = Compatible if diluent is NaCl 0.9%Cs = Based on solubility rules in Admixture and Y-site Compatibility of Additives in Intravenous Drips
Omeprazole sodium,Vancomycin hydrochloride,Not compatible
Ondansetron hydrochloride,Acetaminophen/Paracetamol,Compatible
Ondansetron hydrochloride,Acyclovir,Not compatible
Ondansetron hydrochloride,Amikacin sulfate,Compatible
Ondansetron hydrochloride,Aminophylline,Not compatible
Ondansetron hydrochloride,Amoxicillin sodium-clavulanate,No informationCa = Compatible if diluent is NaCl 0.9%Cs = Based on solubility rules in Admixture and Y-site Compatibility of Additives in Intravenous Drips
Ondansetron hydrochloride,Ampicillin sodium,Not compatible
Ondansetron hydrochloride,Ampicillin sodium-sulbactam sodium*,Not compatible
Ondansetron hydrochloride,Calcium chloride,Compatible
Ondansetron hydrochloride,Calcium gluconate,Compatible
Ondansetron hydrochloride,Cefazolin sodium,Compatible
Ondansetron hydrochloride,Ceftazidime,Compatible
Ondansetron hydrochloride,Ceftriaxone sodium,Compatible
Ondansetron hydrochloride,Ciprofloxacin,Compatible
Ondansetron hydrochloride,Clindamycin phosphate,Compatible
Ondansetron hydrochloride,Clonidine hydrocloride,No informationCa = Compatible if diluent is NaCl 0.9%Cs = Based on solubility rules in Admixture and Y-site Compatibility of Additives in Intravenous Drips
Ondansetron hydrochloride,Cloxacillin sodium,Compatible
Ondansetron hydrochloride,Diazepam,Not compatible
Ondansetron hydrochloride,Erythromycin lactobionate,Compatible
Ondansetron hydrochloride,Fluconazole,Compatible
Ondansetron hydrochloride,Furosemide (Frusemide),Not compatible
Ondansetron hydrochloride,Gentamicin sulfate,Compatible
Ondansetron hydrochloride,Hydrocortisone sodium succinate,Compatible
Ondansetron hydrochloride,Ibuprofen,No informationCa = Compatible if diluent is NaCl 0.9%Cs = Based on solubility rules in Admixture and Y-site Compatibility of Additives in Intravenous Drips
Ondansetron hydrochloride,Ketamine HCl,No informationCa = Compatible if diluent is NaCl 0.9%Cs = Based on solubility rules in Admixture and Y-site Compatibility of Additives in Intravenous Drips
Ondansetron hydrochloride,Lorazepam,Not compatible
Ondansetron hydrochloride,Levetiracetam,No informationCa = Compatible if diluent is NaCl 0.9%Cs = Based on solubility rules in Admixture and Y-site Compatibility of Additives in Intravenous Drips
Ondansetron hydrochloride,Magnesium sulfate,Compatible
Ondansetron hydrochloride,Meropenem,Not compatible
Ondansetron hydrochloride,Methylprednisolone sodium succinate,Not compatible
Ondansetron hydrochloride,Metronidazole,Compatible
Ondansetron hydrochloride,Morphine sulfate,Compatible
Ondansetron hydrochloride,Omeprazole sodium,No informationCa = Compatible if diluent is NaCl 0.9%Cs = Based on solubility rules in Admixture and Y-site Compatibility of Additives in Intravenous Drips
Ondansetron hydrochloride,Phenobarbital sodium,Not compatible
Ondansetron hydrochloride,Penicillin G sodium,Compatible
Ondansetron hydrochloride,Phenytoin sodium,Not compatible
Ondansetron hydrochloride,Piperacillin sodium-Tazobactam sodium,Compatible
Ondansetron hydrochloride,Potassium chloride,Compatible
Ondansetron hydrochloride,Potassium phosphates,Compatible
Ondansetron hydrochloride,Sodium acetate,Compatible
Ondansetron hydrochloride,Sodium bicarbonate,Not compatible
Ondansetron hydrochloride,Sulfamethoxazole-Trimethoprim,Not compatible
Ondansetron hydrochloride,Vancomycin hydrochloride,Compatible
Phenobarbital sodium,Acetaminophen/Paracetamol,Not compatible
Phenobarbital sodium,Acyclovir,Compatible
Phenobarbital sodium,Amikacin sulfate,Compatible
Phenobarbital sodium,Aminophylline,Compatible
Phenobarbital sodium,Amoxicillin sodium-clavulanate,No informationCa = Compatible if diluent is NaCl 0.9%Cs = Based on solubility rules in Admixture and Y-site Compatibility of Additives in Intravenous Drips
Phenobarbital sodium,Ampicillin sodium,Not compatible
Phenobarbital sodium,Ampicillin sodium-sulbactam sodium*,Compatible if NaCl 0.9% used
Phenobarbital sodium,Calcium chloride,Compatible
Phenobarbital sodium,Calcium gluconate,Compatible
Phenobarbital sodium,Cefazolin sodium,Compatible
Phenobarbital sodium,Ceftazidime,Compatible
Phenobarbital sodium,Ceftriaxone sodium,Compatible
Phenobarbital sodium,Ciprofloxacin,No informationCa = Compatible if diluent is NaCl 0.9%Cs = Based on solubility rules in Admixture and Y-site Compatibility of Additives in Intravenous Drips
Phenobarbital sodium,Clindamycin phosphate,Compatible
Phenobarbital sodium,Clonidine hydrocloride,No informationCa = Compatible if diluent is NaCl 0.9%Cs = Based on solubility rules in Admixture and Y-site Compatibility of Additives in Intravenous Drips
Phenobarbital sodium,Cloxacillin sodium,Compatible
Phenobarbital sodium,Diazepam,Not compatible
Phenobarbital sodium,Erythromycin lactobionate,Not compatible
Phenobarbital sodium,Fluconazole,Compatible
Phenobarbital sodium,Furosemide (Frusemide),Compatible
Phenobarbital sodium,Gentamicin sulfate,Compatible
Phenobarbital sodium,Hydrocortisone sodium succinate,Compatible
Phenobarbital sodium,Ibuprofen,No informationCa = Compatible if diluent is NaCl 0.9%Cs = Based on solubility rules in Admixture and Y-site Compatibility of Additives in Intravenous Drips
Phenobarbital sodium,Ketamine HCl,Not compatible
Phenobarbital sodium,Lorazepam,Compatible
Phenobarbital sodium,Levetiracetam,No informationCa = Compatible if diluent is NaCl 0.9%Cs = Based on solubility rules in Admixture and Y-site Compatibility of Additives in Intravenous Drips
Phenobarbital sodium,Magnesium sulfate,Compatible
Phenobarbital sodium,Meropenem,Compatible
Phenobarbital sodium,Methylprednisolone sodium succinate,Compatible
Phenobarbital sodium,Metronidazole,Compatible
Phenobarbital sodium,Morphine sulfate,Compatible
Phenobarbital sodium,Omeprazole sodium,No informationCa = Compatible if diluent is NaCl 0.9%Cs = Based on solubility rules in Admixture and Y-site Compatibility of Additives in Intravenous Drips
Phenobarbital sodium,Ondansetron hydrochloride,Not compatible
Phenobarbital sodium,Penicillin G sodium,Not compatible
Phenobarbital sodium,Phenytoin sodium,Not compatible
Phenobarbital sodium,Piperacillin sodium-Tazobactam sodium,Compatible
Phenobarbital sodium,Potassium chloride,Compatible
Phenobarbital sodium,Potassium phosphates,No informationCa = Compatible if diluent is NaCl 0.9%Cs = Based on solubility rules in Admixture and Y-site Compatibility of Additives in Intravenous Drips
Phenobarbital sodium,Sodium acetate,Compatible
Phenobarbital sodium,Sodium bicarbonate,Compatible
Phenobarbital sodium,Sulfamethoxazole-Trimethoprim,Not compatible
Phenobarbital sodium,Vancomycin hydrochloride,Compatible
Penicillin G sodium,Acetaminophen/Paracetamol,No informationCa = Compatible if diluent is NaCl 0.9%Cs = Based on solubility rules in Admixture and Y-site Compatibility of Additives in Intravenous Drips
Penicillin G sodium,Acyclovir,No informationCa = Compatible if diluent is NaCl 0.9%Cs = Based on solubility rules in Admixture and Y-site Compatibility of Additives in Intravenous Drips
Penicillin G sodium,Amikacin sulfate,Compatible
Penicillin G sodium,Aminophylline,Not compatible
Penicillin G sodium,Amoxicillin sodium-clavulanate,No informationCa = Compatible if diluent is NaCl 0.9%Cs = Based on solubility rules in Admixture and Y-site Compatibility of Additives in Intravenous Drips
Penicillin G sodium,Ampicillin sodium,Compatible if NaCl 0.9% used
Penicillin G sodium,Ampicillin sodium-sulbactam sodium*,Compatible if NaCl 0.9% used
Penicillin G sodium,Calcium chloride,Compatible
Penicillin G sodium,Calcium gluconate,Compatible
Penicillin G sodium,Cefazolin sodium,Compatible
Penicillin G sodium,Ceftazidime,Compatible
Penicillin G sodium,Ceftriaxone sodium,Compatible
Penicillin G sodium,Ciprofloxacin,No informationCa = Compatible if diluent is NaCl 0.9%Cs = Based on solubility rules in Admixture and Y-site Compatibility of Additives in Intravenous Drips
Penicillin G sodium,Clindamycin phosphate,Compatible
Penicillin G sodium,Clonidine hydrocloride,No informationCa = Compatible if diluent is NaCl 0.9%Cs = Based on solubility rules in Admixture and Y-site Compatibility of Additives in Intravenous Drips
Penicillin G sodium,Cloxacillin sodium,Compatible
Penicillin G sodium,Diazepam,Not compatible
Penicillin G sodium,Erythromycin lactobionate,Not compatible
Penicillin G sodium,Fluconazole,Compatible
Penicillin G sodium,Furosemide (Frusemide),Compatible
Penicillin G sodium,Gentamicin sulfate,Compatible
Penicillin G sodium,Hydrocortisone sodium succinate,Compatible
Penicillin G sodium,Ibuprofen,No informationCa = Compatible if diluent is NaCl 0.9%Cs = Based on solubility rules in Admixture and Y-site Compatibility of Additives in Intravenous Drips
Penicillin G sodium,Ketamine HCl,Compatible
Penicillin G sodium,Lorazepam,No informationCa = Compatible if diluent is NaCl 0.9%Cs = Based on solubility rules in Admixture and Y-site Compatibility of Additives in Intravenous Drips
Penicillin G sodium,Levetiracetam,No informationCa = Compatible if diluent is NaCl 0.9%Cs = Based on solubility rules in Admixture and Y-site Compatibility of Additives in Intravenous Drips
Penicillin G sodium,Magnesium sulfate,Compatible
Penicillin G sodium,Meropenem,Compatible
Penicillin G sodium,Methylprednisolone sodium succinate,Compatible
Penicillin G sodium,Metronidazole,No informationCa = Compatible if diluent is NaCl 0.9%Cs = Based on solubility rules in Admixture and Y-site Compatibility of Additives in Intravenous Drips
Penicillin G sodium,Morphine sulfate,Compatible
Penicillin G sodium,Omeprazole sodium,No informationCa = Compatible if diluent is NaCl 0.9%Cs = Based on solubility rules in Admixture and Y-site Compatibility of Additives in Intravenous Drips
Penicillin G sodium,Ondansetron hydrochloride,Compatible
Penicillin G sodium,Phenobarbital sodium,Not compatible
Penicillin G sodium,Phenytoin sodium,Not compatible
Penicillin G sodium,Piperacillin sodium-Tazobactam sodium,No informationCa = Compatible if diluent is NaCl 0.9%Cs = Based on solubility rules in Admixture and Y-site Compatibility of Additives in Intravenous Drips
Penicillin G sodium,Potassium chloride,Compatible
Penicillin G sodium,Potassium phosphates,No informationCa = Compatible if diluent is NaCl 0.9%Cs = Based on solubility rules in Admixture and Y-site Compatibility of Additives in Intravenous Drips
Penicillin G sodium,Sodium acetate,No informationCa = Compatible if diluent is NaCl 0.9%Cs = Based on solubility rules in Admixture and Y-site Compatibility of Additives in Intravenous Drips
Penicillin G sodium,Sodium bicarbonate,Compatible
Penicillin G sodium,Sulfamethoxazole-Trimethoprim,Not compatible
Penicillin G sodium,Vancomycin hydrochloride,Compatible
Phenytoin sodium,Acetaminophen/Paracetamol,Not compatible
Phenytoin sodium,Acyclovir,Not compatible
Phenytoin sodium,Amikacin sulfate,Not compatible
Phenytoin sodium,Aminophylline,Not compatible
Phenytoin sodium,Amoxicillin sodium-clavulanate,No informationCa = Compatible if diluent is NaCl 0.9%Cs = Based on solubility rules in Admixture and Y-site Compatibility of Additives in Intravenous Drips
Phenytoin sodium,Ampicillin sodium,Not compatible
Phenytoin sodium,Ampicillin sodium-sulbactam sodium*,Not compatible
Phenytoin sodium,Calcium chloride,Not compatible
Phenytoin sodium,Calcium gluconate,Not compatible
Phenytoin sodium,Cefazolin sodium,Not compatible
Phenytoin sodium,Ceftazidime,Not compatible
Phenytoin sodium,Ceftriaxone sodium,Not compatible
Phenytoin sodium,Ciprofloxacin,Not compatible
Phenytoin sodium,Clindamycin phosphate,Not compatible
Phenytoin sodium,Clonidine hydrocloride,No informationCa = Compatible if diluent is NaCl 0.9%Cs = Based on solubility rules in Admixture and Y-site Compatibility of Additives in Intravenous Drips
Phenytoin sodium,Cloxacillin sodium,Not compatible
Phenytoin sodium,Diazepam,Not compatible
Phenytoin sodium,Erythromycin lactobionate,Not compatible
Phenytoin sodium,Fluconazole,Compatible
Phenytoin sodium,Furosemide (Frusemide),Not compatible
Phenytoin sodium,Gentamicin sulfate,Not compatible
Phenytoin sodium,Hydrocortisone sodium succinate,Not compatible
Phenytoin sodium,Ibuprofen,No informationCa = Compatible if diluent is NaCl 0.9%Cs = Based on solubility rules in Admixture and Y-site Compatibility of Additives in Intravenous Drips
Phenytoin sodium,Ketamine HCl,Not compatible
Phenytoin sodium,Lorazepam,Not compatible
Phenytoin sodium,Levetiracetam,No informationCa = Compatible if diluent is NaCl 0.9%Cs = Based on solubility rules in Admixture and Y-site Compatibility of Additives in Intravenous Drips
Phenytoin sodium,Magnesium sulfate,Not compatible
Phenytoin sodium,Meropenem,Not compatible
Phenytoin sodium,Methylprednisolone sodium succinate,Not compatible
Phenytoin sodium,Metronidazole,Not compatible
Phenytoin sodium,Morphine sulfate,Not compatible
Phenytoin sodium,Omeprazole sodium,No informationCa = Compatible if diluent is NaCl 0.9%Cs = Based on solubility rules in Admixture and Y-site Compatibility of Additives in Intravenous Drips
Phenytoin sodium,Ondansetron hydrochloride,Not compatible
Phenytoin sodium,Phenobarbital sodium,Not compatible
Phenytoin sodium,Penicillin G sodium,Not compatible
Phenytoin sodium,Piperacillin sodium-Tazobactam sodium,Not compatible
Phenytoin sodium,Potassium chloride,Not compatible
Phenytoin sodium,Potassium phosphates,No informationCa = Compatible if diluent is NaCl 0.9%Cs = Based on solubility rules in Admixture and Y-site Compatibility of Additives in Intravenous Drips
Phenytoin sodium,Sodium acetate,Not compatible
Phenytoin sodium,Sodium bicarbonate,Not compatible
Phenytoin sodium,Sulfamethoxazole-Trimethoprim,Not compatible
Phenytoin sodium,Vancomycin hydrochloride,Not compatible
Piperacillin sodium-Tazobactam sodium,Acetaminophen/Paracetamol,Compatible
Piperacillin sodium-Tazobactam sodium,Acyclovir,Not compatible
Piperacillin sodium-Tazobactam sodium,Amikacin sulfate,Compatible
Piperacillin sodium-Tazobactam sodium,Aminophylline,Compatible
Piperacillin sodium-Tazobactam sodium,Amoxicillin sodium-clavulanate,No informationCa = Compatible if diluent is NaCl 0.9%Cs = Based on solubility rules in Admixture and Y-site Compatibility of Additives in Intravenous Drips
Piperacillin sodium-Tazobactam sodium,Ampicillin sodium,No informationCa = Compatible if diluent is NaCl 0.9%Cs = Based on solubility rules in Admixture and Y-site Compatibility of Additives in Intravenous Drips
Piperacillin sodium-Tazobactam sodium,Ampicillin sodium-sulbactam sodium*,No informationCa = Compatible if diluent is NaCl 0.9%Cs = Based on solubility rules in Admixture and Y-site Compatibility of Additives in Intravenous Drips
Piperacillin sodium-Tazobactam sodium,Calcium chloride,Compatible
Piperacillin sodium-Tazobactam sodium,Calcium gluconate,Compatible
Piperacillin sodium-Tazobactam sodium,Cefazolin sodium,No informationCa = Compatible if diluent is NaCl 0.9%Cs = Based on solubility rules in Admixture and Y-site Compatibility of Additives in Intravenous Drips
Piperacillin sodium-Tazobactam sodium,Ceftazidime,No informationCa = Compatible if diluent is NaCl 0.9%Cs = Based on solubility rules in Admixture and Y-site Compatibility of Additives in Intravenous Drips
Piperacillin sodium-Tazobactam sodium,Ceftriaxone sodium,No informationCa = Compatible if diluent is NaCl 0.9%Cs = Based on solubility rules in Admixture and Y-site Compatibility of Additives in Intravenous Drips
Piperacillin sodium-Tazobactam sodium,Ciprofloxacin,Not compatible
Piperacillin sodium-Tazobactam sodium,Clindamycin phosphate,Compatible
Piperacillin sodium-Tazobactam sodium,Clonidine hydrocloride,No informationCa = Compatible if diluent is NaCl 0.9%Cs = Based on solubility rules in Admixture and Y-site Compatibility of Additives in Intravenous Drips
Piperacillin sodium-Tazobactam sodium,Cloxacillin sodium,Compatible
Piperacillin sodium-Tazobactam sodium,Diazepam,Compatible
Piperacillin sodium-Tazobactam sodium,Erythromycin lactobionate,Compatible
Piperacillin sodium-Tazobactam sodium,Fluconazole,Compatible
Piperacillin sodium-Tazobactam sodium,Furosemide (Frusemide),Compatible
Piperacillin sodium-Tazobactam sodium,Gentamicin sulfate,No informationCa = Compatible if diluent is NaCl 0.9%Cs = Based on solubility rules in Admixture and Y-site Compatibility of Additives in Intravenous Drips
Piperacillin sodium-Tazobactam sodium,Hydrocortisone sodium succinate,Compatible
Piperacillin sodium-Tazobactam sodium,Ibuprofen,No informationCa = Compatible if diluent is NaCl 0.9%Cs = Based on solubility rules in Admixture and Y-site Compatibility of Additives in Intravenous Drips
Piperacillin sodium-Tazobactam sodium,Ketamine HCl,Compatible
Piperacillin sodium-Tazobactam sodium,Lorazepam,Compatible
Piperacillin sodium-Tazobactam sodium,Levetiracetam,Not compatible
Piperacillin sodium-Tazobactam sodium,Magnesium sulfate,Compatible
Piperacillin sodium-Tazobactam sodium,Meropenem,Compatible
Piperacillin sodium-Tazobactam sodium,Methylprednisolone sodium succinate,Compatible
Piperacillin sodium-Tazobactam sodium,Metronidazole,Compatible
Piperacillin sodium-Tazobactam sodium,Morphine sulfate,Compatible
Piperacillin sodium-Tazobactam sodium,Omeprazole sodium,No informationCa = Compatible if diluent is NaCl 0.9%Cs = Based on solubility rules in Admixture and Y-site Compatibility of Additives in Intravenous Drips
Piperacillin sodium-Tazobactam sodium,Ondansetron hydrochloride,Compatible
Piperacillin sodium-Tazobactam sodium,Phenobarbital sodium,Compatible
Piperacillin sodium-Tazobactam sodium,Penicillin G sodium,No informationCa = Compatible if diluent is NaCl 0.9%Cs = Based on solubility rules in Admixture and Y-site Compatibility of Additives in Intravenous Drips
Piperacillin sodium-Tazobactam sodium,Phenytoin sodium,Not compatible
Piperacillin sodium-Tazobactam sodium,Potassium chloride,Compatible
Piperacillin sodium-Tazobactam sodium,Potassium phosphates,Compatible
Piperacillin sodium-Tazobactam sodium,Sodium acetate,Compatible
Piperacillin sodium-Tazobactam sodium,Sodium bicarbonate,Compatible
Piperacillin sodium-Tazobactam sodium,Sulfamethoxazole-Trimethoprim,Compatible
Piperacillin sodium-Tazobactam sodium,Vancomycin hydrochloride,No informationCa = Compatible if diluent is NaCl 0.9%Cs = Based on solubility rules in Admixture and Y-site Compatibility of Additives in Intravenous Drips
Potassium chloride,Acetaminophen/Paracetamol,Compatible
Potassium chloride,Acyclovir,Compatible
Potassium chloride,Amikacin sulfate,Compatible
Potassium chloride,Aminophylline,Compatible
Potassium chloride,Amoxicillin sodium-clavulanate,No informationCa = Compatible if diluent is NaCl 0.9%Cs = Based on solubility rules in Admixture and Y-site Compatibility of Additives in Intravenous Drips
Potassium chloride,Ampicillin sodium,Compatible if NaCl 0.9% used
Potassium chloride,Ampicillin sodium-sulbactam sodium*,Compatible if NaCl 0.9% used
Potassium chloride,Calcium chloride,Compatible
Potassium chloride,Calcium gluconate,Compatible
Potassium chloride,Cefazolin sodium,Compatible
Potassium chloride,Ceftazidime,Compatible
Potassium chloride,Ceftriaxone sodium,Compatible
Potassium chloride,Ciprofloxacin,Compatible
Potassium chloride,Clindamycin phosphate,Compatible
Potassium chloride,Clonidine hydrocloride,Compatible
Potassium chloride,Cloxacillin sodium,Compatible
Potassium chloride,Diazepam,Not compatible
Potassium chloride,Erythromycin lactobionate,Compatible
Potassium chloride,Fluconazole,Compatible
Potassium chloride,Furosemide (Frusemide),Compatible
Potassium chloride,Gentamicin sulfate,Compatible
Potassium chloride,Hydrocortisone sodium succinate,Compatible
Potassium chloride,Ibuprofen,No informationCa = Compatible if diluent is NaCl 0.9%Cs = Based on solubility rules in Admixture and Y-site Compatibility of Additives in Intravenous Drips
Potassium chloride,Ketamine HCl,Compatible
Potassium chloride,Lorazepam,Compatible
Potassium chloride,Levetiracetam,No informationCa = Compatible if diluent is NaCl 0.9%Cs = Based on solubility rules in Admixture and Y-site Compatibility of Additives in Intravenous Drips
Potassium chloride,Magnesium sulfate,Compatible
Potassium chloride,Meropenem,Compatible
Potassium chloride,Methylprednisolone sodium succinate,Compatible
Potassium chloride,Metronidazole,Compatible
Potassium chloride,Morphine sulfate,Compatible
Potassium chloride,Omeprazole sodium,No informationCa = Compatible if diluent is NaCl 0.9%Cs = Based on solubility rules in Admixture and Y-site Compatibility of Additives in Intravenous Drips
Potassium chloride,Ondansetron hydrochloride,Compatible
Potassium chloride,Phenobarbital sodium,Compatible
Potassium chloride,Penicillin G sodium,Compatible
Potassium chloride,Phenytoin sodium,Not compatible
Potassium chloride,Piperacillin sodium-Tazobactam sodium,Compatible
Potassium chloride,Potassium phosphates,Cs
Potassium chloride,Sodium acetate,Compatible
Potassium chloride,Sodium bicarbonate,Compatible
Potassium chloride,Sulfamethoxazole-Trimethoprim,Not compatible
Potassium chloride,Vancomycin hydrochloride,Compatible
Potassium phosphates,Acetaminophen/Paracetamol,No informationCa = Compatible if diluent is NaCl 0.9%Cs = Based on solubility rules in Admixture and Y-site Compatibility of Additives in Intravenous Drips
Potassium phosphates,Acyclovir,Not compatible
Potassium phosphates,Amikacin sulfate,No informationCa = Compatible if diluent is NaCl 0.9%Cs = Based on solubility rules in Admixture and Y-site Compatibility of Additives in Intravenous Drips
Potassium phosphates,Aminophylline,No informationCa = Compatible if diluent is NaCl 0.9%Cs = Based on solubility rules in Admixture and Y-site Compatibility of Additives in Intravenous Drips
Potassium phosphates,Amoxicillin sodium-clavulanate,No informationCa = Compatible if diluent is NaCl 0.9%Cs = Based on solubility rules in Admixture and Y-site Compatibility of Additives in Intravenous Drips
Potassium phosphates,Ampicillin sodium,No informationCa = Compatible if diluent is NaCl 0.9%Cs = Based on solubility rules in Admixture and Y-site Compatibility of Additives in Intravenous Drips
Potassium phosphates,Ampicillin sodium-sulbactam sodium*,No informationCa = Compatible if diluent is NaCl 0.9%Cs = Based on solubility rules in Admixture and Y-site Compatibility of Additives in Intravenous Drips
Potassium phosphates,Calcium chloride,Not compatible
Potassium phosphates,Calcium gluconate,Not compatible
Potassium phosphates,Cefazolin sodium,No informationCa = Compatible if diluent is NaCl 0.9%Cs = Based on solubility rules in Admixture and Y-site Compatibility of Additives in Intravenous Drips
Potassium phosphates,Ceftazidime,No informationCa = Compatible if diluent is NaCl 0.9%Cs = Based on solubility rules in Admixture and Y-site Compatibility of Additives in Intravenous Drips
Potassium phosphates,Ceftriaxone sodium,No informationCa = Compatible if diluent is NaCl 0.9%Cs = Based on solubility rules in Admixture and Y-site Compatibility of Additives in Intravenous Drips
Potassium phosphates,Ciprofloxacin,Not compatible
Potassium phosphates,Clindamycin phosphate,No informationCa = Compatible if diluent is NaCl 0.9%Cs = Based on solubility rules in Admixture and Y-site Compatibility of Additives in Intravenous Drips
Potassium phosphates,Clonidine hydrocloride,No informationCa = Compatible if diluent is NaCl 0.9%Cs = Based on solubility rules in Admixture and Y-site Compatibility of Additives in Intravenous Drips
Potassium phosphates,Cloxacillin sodium,Not compatible
Potassium phosphates,Diazepam,No informationCa = Compatible if diluent is NaCl 0.9%Cs = Based on solubility rules in Admixture and Y-site Compatibility of Additives in Intravenous Drips
Potassium phosphates,Erythromycin lactobionate,No informationCa = Compatible if diluent is NaCl 0.9%Cs = Based on solubility rules in Admixture and Y-site Compatibility of Additives in Intravenous Drips
Potassium phosphates,Fluconazole,No informationCa = Compatible if diluent is NaCl 0.9%Cs = Based on solubility rules in Admixture and Y-site Compatibility of Additives in Intravenous Drips
Potassium phosphates,Furosemide (Frusemide),Not compatible
Potassium phosphates,Gentamicin sulfate,No informationCa = Compatible if diluent is NaCl 0.9%Cs = Based on solubility rules in Admixture and Y-site Compatibility of Additives in Intravenous Drips
Potassium phosphates,Hydrocortisone sodium succinate,No informationCa = Compatible if diluent is NaCl 0.9%Cs = Based on solubility rules in Admixture and Y-site Compatibility of Additives in Intravenous Drips
Potassium phosphates,Ibuprofen,No informationCa = Compatible if diluent is NaCl 0.9%Cs = Based on solubility rules in Admixture and Y-site Compatibility of Additives in Intravenous Drips
Potassium phosphates,Ketamine HCl,Not compatible
Potassium phosphates,Lorazepam,Not compatible
Potassium phosphates,Levetiracetam,No informationCa = Compatible if diluent is NaCl 0.9%Cs = Based on solubility rules in Admixture and Y-site Compatibility of Additives in Intravenous Drips
Potassium phosphates,Magnesium sulfate,Cs
Potassium phosphates,Meropenem,Compatible
Potassium phosphates,Methylprednisolone sodium succinate,No informationCa = Compatible if diluent is NaCl 0.9%Cs = Based on solubility rules in Admixture and Y-site Compatibility of Additives in Intravenous Drips
Potassium phosphates,Metronidazole,Compatible
Potassium phosphates,Morphine sulfate,Compatible if NaCl 0.9% used
Potassium phosphates,Omeprazole sodium,No informationCa = Compatible if diluent is NaCl 0.9%Cs = Based on solubility rules in Admixture and Y-site Compatibility of Additives in Intravenous Drips
Potassium phosphates,Ondansetron hydrochloride,Compatible
Potassium phosphates,Phenobarbital sodium,No informationCa = Compatible if diluent is NaCl 0.9%Cs = Based on solubility rules in Admixture and Y-site Compatibility of Additives in Intravenous Drips
Potassium phosphates,Penicillin G sodium,No informationCa = Compatible if diluent is NaCl 0.9%Cs = Based on solubility rules in Admixture and Y-site Compatibility of Additives in Intravenous Drips
Potassium phosphates,Phenytoin sodium,No informationCa = Compatible if diluent is NaCl 0.9%Cs = Based on solubility rules in Admixture and Y-site Compatibility of Additives in Intravenous Drips
Potassium phosphates,Piperacillin sodium-Tazobactam sodium,Compatible
Potassium phosphates,Potassium chloride,Cs
Potassium phosphates,Sodium acetate,No informationCa = Compatible if diluent is NaCl 0.9%Cs = Based on solubility rules in Admixture and Y-site Compatibility of Additives in Intravenous Drips
Potassium phosphates,Sodium bicarbonate,No informationCa = Compatible if diluent is NaCl 0.9%Cs = Based on solubility rules in Admixture and Y-site Compatibility of Additives in Intravenous Drips
Potassium phosphates,Sulfamethoxazole-Trimethoprim,No informationCa = Compatible if diluent is NaCl 0.9%Cs = Based on solubility rules in Admixture and Y-site Compatibility of Additives in Intravenous Drips
Potassium phosphates,Vancomycin hydrochloride,No informationCa = Compatible if diluent is NaCl 0.9%Cs = Based on solubility rules in Admixture and Y-site Compatibility of Additives in Intravenous Drips
Sodium acetate,Acetaminophen/Paracetamol,No informationCa = Compatible if diluent is NaCl 0.9%Cs = Based on solubility rules in Admixture and Y-site Compatibility of Additives in Intravenous Drips
Sodium acetate,Acyclovir,Compatible
Sodium acetate,Amikacin sulfate,Compatible
Sodium acetate,Aminophylline,Compatible
Sodium acetate,Amoxicillin sodium-clavulanate,No informationCa = Compatible if diluent is NaCl 0.9%Cs = Based on solubility rules in Admixture and Y-site Compatibility of Additives in Intravenous Drips
Sodium acetate,Ampicillin sodium,Compatible
Sodium acetate,Ampicillin sodium-sulbactam sodium*,Compatible
Sodium acetate,Calcium chloride,No informationCa = Compatible if diluent is NaCl 0.9%Cs = Based on solubility rules in Admixture and Y-site Compatibility of Additives in Intravenous Drips
Sodium acetate,Calcium gluconate,Compatible
Sodium acetate,Cefazolin sodium,Compatible
Sodium acetate,Ceftazidime,Compatible
Sodium acetate,Ceftriaxone sodium,Compatible
Sodium acetate,Ciprofloxacin,No informationCa = Compatible if diluent is NaCl 0.9%Cs = Based on solubility rules in Admixture and Y-site Compatibility of Additives in Intravenous Drips
Sodium acetate,Clindamycin phosphate,Compatible
Sodium acetate,Clonidine hydrocloride,No informationCa = Compatible if diluent is NaCl 0.9%Cs = Based on solubility rules in Admixture and Y-site Compatibility of Additives in Intravenous Drips
Sodium acetate,Cloxacillin sodium,No informationCa = Compatible if diluent is NaCl 0.9%Cs = Based on solubility rules in Admixture and Y-site Compatibility of Additives in Intravenous Drips
Sodium acetate,Diazepam,Not compatible
Sodium acetate,Erythromycin lactobionate,Compatible
Sodium acetate,Fluconazole,Compatible
Sodium acetate,Furosemide (Frusemide),Compatible
Sodium acetate,Gentamicin sulfate,Compatible
Sodium acetate,Hydrocortisone sodium succinate,Compatible
Sodium acetate,Ibuprofen,No informationCa = Compatible if diluent is NaCl 0.9%Cs = Based on solubility rules in Admixture and Y-site Compatibility of Additives in Intravenous Drips
Sodium acetate,Ketamine HCl,No informationCa = Compatible if diluent is NaCl 0.9%Cs = Based on solubility rules in Admixture and Y-site Compatibility of Additives in Intravenous Drips
Sodium acetate,Lorazepam,Compatible
Sodium acetate,Levetiracetam,No informationCa = Compatible if diluent is NaCl 0.9%Cs = Based on solubility rules in Admixture and Y-site Compatibility of Additives in Intravenous Drips
Sodium acetate,Magnesium sulfate,Compatible
Sodium acetate,Meropenem,No informationCa = Compatible if diluent is NaCl 0.9%Cs = Based on solubility rules in Admixture and Y-site Compatibility of Additives in Intravenous Drips
Sodium acetate,Methylprednisolone sodium succinate,Compatible
Sodium acetate,Metronidazole,Compatible
Sodium acetate,Morphine sulfate,Compatible
Sodium acetate,Omeprazole sodium,No informationCa = Compatible if diluent is NaCl 0.9%Cs = Based on solubility rules in Admixture and Y-site Compatibility of Additives in Intravenous Drips
Sodium acetate,Ondansetron hydrochloride,Compatible
Sodium acetate,Phenobarbital sodium,Compatible
Sodium acetate,Penicillin G sodium,No informationCa = Compatible if diluent is NaCl 0.9%Cs = Based on solubility rules in Admixture and Y-site Compatibility of Additives in Intravenous Drips
Sodium acetate,Phenytoin sodium,Not compatible
Sodium acetate,Piperacillin sodium-Tazobactam sodium,Compatible
Sodium acetate,Potassium chloride,Compatible
Sodium acetate,Potassium phosphates,No informationCa = Compatible if diluent is NaCl 0.9%Cs = Based on solubility rules in Admixture and Y-site Compatibility of Additives in Intravenous Drips
Sodium acetate,Sodium bicarbonate,Compatible
Sodium acetate,Sulfamethoxazole-Trimethoprim,Compatible
Sodium acetate,Vancomycin hydrochloride,Compatible
Sodium bicarbonate,Acetaminophen/Paracetamol,No informationCa = Compatible if diluent is NaCl 0.9%Cs = Based on solubility rules in Admixture and Y-site Compatibility of Additives in Intravenous Drips
Sodium bicarbonate,Acyclovir,Compatible
Sodium bicarbonate,Amikacin sulfate,Compatible
Sodium bicarbonate,Aminophylline,Compatible
Sodium bicarbonate,Amoxicillin sodium-clavulanate,No informationCa = Compatible if diluent is NaCl 0.9%Cs = Based on solubility rules in Admixture and Y-site Compatibility of Additives in Intravenous Drips
Sodium bicarbonate,Ampicillin sodium,Not compatible
Sodium bicarbonate,Ampicillin sodium-sulbactam sodium*,Compatible if NaCl 0.9% used
Sodium bicarbonate,Calcium chloride,Not compatible
Sodium bicarbonate,Calcium gluconate,Not compatible
Sodium bicarbonate,Cefazolin sodium,Compatible
Sodium bicarbonate,Ceftazidime,Compatible
Sodium bicarbonate,Ceftriaxone sodium,Compatible
Sodium bicarbonate,Ciprofloxacin,Not compatible
Sodium bicarbonate,Clindamycin phosphate,Compatible
Sodium bicarbonate,Clonidine hydrocloride,No informationCa = Compatible if diluent is NaCl 0.9%Cs = Based on solubility rules in Admixture and Y-site Compatibility of Additives in Intravenous Drips
Sodium bicarbonate,Cloxacillin sodium,Compatible
Sodium bicarbonate,Diazepam,Not compatible
Sodium bicarbonate,Erythromycin lactobionate,Compatible
Sodium bicarbonate,Fluconazole,Compatible
Sodium bicarbonate,Furosemide (Frusemide),Compatible
Sodium bicarbonate,Gentamicin sulfate,Compatible
Sodium bicarbonate,Hydrocortisone sodium succinate,Compatible
Sodium bicarbonate,Ibuprofen,No informationCa = Compatible if diluent is NaCl 0.9%Cs = Based on solubility rules in Admixture and Y-site Compatibility of Additives in Intravenous Drips
Sodium bicarbonate,Ketamine HCl,Not compatible
Sodium bicarbonate,Lorazepam,Compatible
Sodium bicarbonate,Levetiracetam,No informationCa = Compatible if diluent is NaCl 0.9%Cs = Based on solubility rules in Admixture and Y-site Compatibility of Additives in Intravenous Drips
Sodium bicarbonate,Magnesium sulfate,Compatible
Sodium bicarbonate,Meropenem,Compatible
Sodium bicarbonate,Methylprednisolone sodium succinate,Compatible
Sodium bicarbonate,Metronidazole,Compatible
Sodium bicarbonate,Morphine sulfate,Compatible
Sodium bicarbonate,Omeprazole sodium,No informationCa = Compatible if diluent is NaCl 0.9%Cs = Based on solubility rules in Admixture and Y-site Compatibility of Additives in Intravenous Drips
Sodium bicarbonate,Ondansetron hydrochloride,Not compatible
Sodium bicarbonate,Phenobarbital sodium,Compatible
Sodium bicarbonate,Penicillin G sodium,Compatible
Sodium bicarbonate,Phenytoin sodium,Not compatible
Sodium bicarbonate,Piperacillin sodium-Tazobactam sodium,Compatible
Sodium bicarbonate,Potassium chloride,Compatible
Sodium bicarbonate,Potassium phosphates,No informationCa = Compatible if diluent is NaCl 0.9%Cs = Based on solubility rules in Admixture and Y-site Compatibility of Additives in Intravenous Drips
Sodium bicarbonate,Sodium acetate,Compatible
Sodium bicarbonate,Sulfamethoxazole-Trimethoprim,Not compatible
Sodium bicarbonate,Vancomycin hydrochloride,Compatible
Sulfamethoxazole-Trimethoprim,Acetaminophen/Paracetamol,No informationCa = Compatible if diluent is NaCl 0.9%Cs = Based on solubility rules in Admixture and Y-site Compatibility of Additives in Intravenous Drips
Sulfamethoxazole-Trimethoprim,Acyclovir,Compatible
Sulfamethoxazole-Trimethoprim,Amikacin sulfate,Not compatible
Sulfamethoxazole-Trimethoprim,Aminophylline,Not compatible
Sulfamethoxazole-Trimethoprim,Amoxicillin sodium-clavulanate,No informationCa = Compatible if diluent is NaCl 0.9%Cs = Based on solubility rules in Admixture and Y-site Compatibility of Additives in Intravenous Drips
Sulfamethoxazole-Trimethoprim,Ampicillin sodium,Not compatible
Sulfamethoxazole-Trimethoprim,Ampicillin sodium-sulbactam sodium*,Not compatible
Sulfamethoxazole-Trimethoprim,Calcium chloride,Not compatible
Sulfamethoxazole-Trimethoprim,Calcium gluconate,Not compatible
Sulfamethoxazole-Trimethoprim,Cefazolin sodium,Not compatible
Sulfamethoxazole-Trimethoprim,Ceftazidime,Not compatible
Sulfamethoxazole-Trimethoprim,Ceftriaxone sodium,Not compatible
Sulfamethoxazole-Trimethoprim,Ciprofloxacin,No informationCa = Compatible if diluent is NaCl 0.9%Cs = Based on solubility rules in Admixture and Y-site Compatibility of Additives in Intravenous Drips
Sulfamethoxazole-Trimethoprim,Clindamycin phosphate,Not compatible
Sulfamethoxazole-Trimethoprim,Clonidine hydrocloride,No informationCa = Compatible if diluent is NaCl 0.9%Cs = Based on solubility rules in Admixture and Y-site Compatibility of Additives in Intravenous Drips
Sulfamethoxazole-Trimethoprim,Cloxacillin sodium,Not compatible
Sulfamethoxazole-Trimethoprim,Diazepam,Not compatible
Sulfamethoxazole-Trimethoprim,Erythromycin lactobionate,Not compatible
Sulfamethoxazole-Trimethoprim,Fluconazole,Not compatible
Sulfamethoxazole-Trimethoprim,Furosemide (Frusemide),Not compatible
Sulfamethoxazole-Trimethoprim,Gentamicin sulfate,Not compatible
Sulfamethoxazole-Trimethoprim,Hydrocortisone sodium succinate,Not compatible
Sulfamethoxazole-Trimethoprim,Ibuprofen,No informationCa = Compatible if diluent is NaCl 0.9%Cs = Based on solubility rules in Admixture and Y-site Compatibility of Additives in Intravenous Drips
Sulfamethoxazole-Trimethoprim,Ketamine HCl,Not compatible
Sulfamethoxazole-Trimethoprim,Lorazepam,Compatible
Sulfamethoxazole-Trimethoprim,Levetiracetam,No informationCa = Compatible if diluent is NaCl 0.9%Cs = Based on solubility rules in Admixture and Y-site Compatibility of Additives in Intravenous Drips
Sulfamethoxazole-Trimethoprim,Magnesium sulfate,No informationCa = Compatible if diluent is NaCl 0.9%Cs = Based on solubility rules in Admixture and Y-site Compatibility of Additives in Intravenous Drips
Sulfamethoxazole-Trimethoprim,Meropenem,Compatible
Sulfamethoxazole-Trimethoprim,Methylprednisolone sodium succinate,Not compatible
Sulfamethoxazole-Trimethoprim,Metronidazole,Compatible
Sulfamethoxazole-Trimethoprim,Morphine sulfate,Cb
Sulfamethoxazole-Trimethoprim,Omeprazole sodium,No informationCa = Compatible if diluent is NaCl 0.9%Cs = Based on solubility rules in Admixture and Y-site Compatibility of Additives in Intravenous Drips
Sulfamethoxazole-Trimethoprim,Ondansetron hydrochloride,Not compatible
Sulfamethoxazole-Trimethoprim,Phenobarbital sodium,Not compatible
Sulfamethoxazole-Trimethoprim,Penicillin G sodium,Not compatible
Sulfamethoxazole-Trimethoprim,Phenytoin sodium,Not compatible
Sulfamethoxazole-Trimethoprim,Piperacillin sodium-Tazobactam sodium,Compatible
Sulfamethoxazole-Trimethoprim,Potassium chloride,Not compatible
Sulfamethoxazole-Trimethoprim,Potassium phosphates,No informationCa = Compatible if diluent is NaCl 0.9%Cs = Based on solubility rules in Admixture and Y-site Compatibility of Additives in Intravenous Drips
Sulfamethoxazole-Trimethoprim,Sodium acetate,Compatible
Sulfamethoxazole-Trimethoprim,Sodium bicarbonate,Not compatible
Sulfamethoxazole-Trimethoprim,Vancomycin hydrochloride,Not compatible
Vancomycin hydrochloride,Acetaminophen/Paracetamol,Compatible
Vancomycin hydrochloride,Acyclovir,Compatible
Vancomycin hydrochloride,Amikacin sulfate,Compatible
Vancomycin hydrochloride,Aminophylline,Not compatible
Vancomycin hydrochloride,Amoxicillin sodium-clavulanate,Compatible
Vancomycin hydrochloride,Ampicillin sodium,Compatible if NaCl 0.9% used
Vancomycin hydrochloride,Ampicillin sodium-sulbactam sodium*,Compatible if NaCl 0.9% used
Vancomycin hydrochloride,Calcium chloride,Compatible
Vancomycin hydrochloride,Calcium gluconate,Compatible
Vancomycin hydrochloride,Cefazolin sodium,Not compatible
Vancomycin hydrochloride,Ceftazidime,Not compatible
Vancomycin hydrochloride,Ceftriaxone sodium,Not compatible
Vancomycin hydrochloride,Ciprofloxacin,Compatible
Vancomycin hydrochloride,Clindamycin phosphate,Compatible
Vancomycin hydrochloride,Clonidine hydrocloride,No informationCa = Compatible if diluent is NaCl 0.9%Cs = Based on solubility rules in Admixture and Y-site Compatibility of Additives in Intravenous Drips
Vancomycin hydrochloride,Cloxacillin sodium,Not compatible
Vancomycin hydrochloride,Diazepam,Not compatible
Vancomycin hydrochloride,Erythromycin lactobionate,Compatible
Vancomycin hydrochloride,Fluconazole,Compatible
Vancomycin hydrochloride,Furosemide (Frusemide),Not compatible
Vancomycin hydrochloride,Gentamicin sulfate,Compatible
Vancomycin hydrochloride,Hydrocortisone sodium succinate,Cb
Vancomycin hydrochloride,Ibuprofen,No informationCa = Compatible if diluent is NaCl 0.9%Cs = Based on solubility rules in Admixture and Y-site Compatibility of Additives in Intravenous Drips
Vancomycin hydrochloride,Ketamine HCl,No informationCa = Compatible if diluent is NaCl 0.9%Cs = Based on solubility rules in Admixture and Y-site Compatibility of Additives in Intravenous Drips
Vancomycin hydrochloride,Lorazepam,Compatible
Vancomycin hydrochloride,Levetiracetam,Compatible
Vancomycin hydrochloride,Magnesium sulfate,Compatible
Vancomycin hydrochloride,Meropenem,Compatible
Vancomycin hydrochloride,Methylprednisolone sodium succinate,Not compatible
Vancomycin hydrochloride,Metronidazole,Compatible
Vancomycin hydrochloride,Morphine sulfate,Compatible
Vancomycin hydrochloride,Omeprazole sodium,Not compatible
Vancomycin hydrochloride,Ondansetron hydrochloride,Compatible
Vancomycin hydrochloride,Phenobarbital sodium,Compatible
Vancomycin hydrochloride,Penicillin G sodium,Compatible
Vancomycin hydrochloride,Phenytoin sodium,Not compatible
Vancomycin hydrochloride,Piperacillin sodium-Tazobactam sodium,No informationCa = Compatible if diluent is NaCl 0.9%Cs = Based on solubility rules in Admixture and Y-site Compatibility of Additives in Intravenous Drips
Vancomycin hydrochloride,Potassium chloride,Compatible
Vancomycin hydrochloride,Potassium phosphates,No informationCa = Compatible if diluent is NaCl 0.9%Cs = Based on solubility rules in Admixture and Y-site Compatibility of Additives in Intravenous Drips
Vancomycin hydrochloride,Sodium acetate,Compatible
Vancomycin hydrochloride,Sodium bicarbonate,Compatible
Vancomycin hydrochloride,Sulfamethoxazole-Trimethoprim,Not compatible
